/*
 Navicat Premium Data Transfer

 Source Server         : local
 Source Server Type    : MySQL
 Source Server Version : 80011
 Source Host           : localhost:3306
 Source Schema         : xwjcloud

 Target Server Type    : MySQL
 Target Server Version : 80011
 File Encoding         : 65001

 Date: 17/11/2023 17:11:43
*/

SET NAMES utf8mb4;
SET FOREIGN_KEY_CHECKS = 0;

-- ----------------------------
-- Table structure for act_evt_log
-- ----------------------------
DROP TABLE IF EXISTS `act_evt_log`;
CREATE TABLE `act_evt_log`  (
  `LOG_NR_` bigint(20) NOT NULL AUTO_INCREMENT,
  `TYPE_` varchar(64) CHARACTER SET utf8 COLLATE utf8_bin NULL DEFAULT NULL,
  `PROC_DEF_ID_` varchar(64) CHARACTER SET utf8 COLLATE utf8_bin NULL DEFAULT NULL,
  `PROC_INST_ID_` varchar(64) CHARACTER SET utf8 COLLATE utf8_bin NULL DEFAULT NULL,
  `EXECUTION_ID_` varchar(64) CHARACTER SET utf8 COLLATE utf8_bin NULL DEFAULT NULL,
  `TASK_ID_` varchar(64) CHARACTER SET utf8 COLLATE utf8_bin NULL DEFAULT NULL,
  `TIME_STAMP_` timestamp(3) NOT NULL,
  `USER_ID_` varchar(255) CHARACTER SET utf8 COLLATE utf8_bin NULL DEFAULT NULL,
  `DATA_` longblob NULL,
  `LOCK_OWNER_` varchar(255) CHARACTER SET utf8 COLLATE utf8_bin NULL DEFAULT NULL,
  `LOCK_TIME_` timestamp(3) NULL DEFAULT NULL,
  `IS_PROCESSED_` tinyint(4) NULL DEFAULT 0,
  PRIMARY KEY (`LOG_NR_`) USING BTREE
) ENGINE = InnoDB CHARACTER SET = utf8 COLLATE = utf8_bin ROW_FORMAT = Dynamic;

-- ----------------------------
-- Records of act_evt_log
-- ----------------------------

-- ----------------------------
-- Table structure for act_ge_bytearray
-- ----------------------------
DROP TABLE IF EXISTS `act_ge_bytearray`;
CREATE TABLE `act_ge_bytearray`  (
  `ID_` varchar(64) CHARACTER SET utf8 COLLATE utf8_bin NOT NULL,
  `REV_` int(11) NULL DEFAULT NULL,
  `NAME_` varchar(255) CHARACTER SET utf8 COLLATE utf8_bin NULL DEFAULT NULL,
  `DEPLOYMENT_ID_` varchar(64) CHARACTER SET utf8 COLLATE utf8_bin NULL DEFAULT NULL,
  `BYTES_` longblob NULL,
  `GENERATED_` tinyint(4) NULL DEFAULT NULL,
  PRIMARY KEY (`ID_`) USING BTREE,
  INDEX `ACT_FK_BYTEARR_DEPL`(`DEPLOYMENT_ID_`) USING BTREE,
  CONSTRAINT `ACT_FK_BYTEARR_DEPL` FOREIGN KEY (`DEPLOYMENT_ID_`) REFERENCES `act_re_deployment` (`id_`) ON DELETE RESTRICT ON UPDATE RESTRICT
) ENGINE = InnoDB CHARACTER SET = utf8 COLLATE = utf8_bin ROW_FORMAT = Dynamic;

-- ----------------------------
-- Records of act_ge_bytearray
-- ----------------------------

-- ----------------------------
-- Table structure for act_ge_property
-- ----------------------------
DROP TABLE IF EXISTS `act_ge_property`;
CREATE TABLE `act_ge_property`  (
  `NAME_` varchar(64) CHARACTER SET utf8 COLLATE utf8_bin NOT NULL,
  `VALUE_` varchar(300) CHARACTER SET utf8 COLLATE utf8_bin NULL DEFAULT NULL,
  `REV_` int(11) NULL DEFAULT NULL,
  PRIMARY KEY (`NAME_`) USING BTREE
) ENGINE = InnoDB CHARACTER SET = utf8 COLLATE = utf8_bin ROW_FORMAT = Dynamic;

-- ----------------------------
-- Records of act_ge_property
-- ----------------------------
INSERT INTO `act_ge_property` VALUES ('cfg.execution-related-entities-count', 'false', 1);
INSERT INTO `act_ge_property` VALUES ('next.dbid', '1', 1);
INSERT INTO `act_ge_property` VALUES ('schema.history', 'create(7.0.0.0)', 1);
INSERT INTO `act_ge_property` VALUES ('schema.version', '7.0.0.0', 1);

-- ----------------------------
-- Table structure for act_hi_actinst
-- ----------------------------
DROP TABLE IF EXISTS `act_hi_actinst`;
CREATE TABLE `act_hi_actinst`  (
  `ID_` varchar(64) CHARACTER SET utf8 COLLATE utf8_bin NOT NULL,
  `PROC_DEF_ID_` varchar(64) CHARACTER SET utf8 COLLATE utf8_bin NOT NULL,
  `PROC_INST_ID_` varchar(64) CHARACTER SET utf8 COLLATE utf8_bin NOT NULL,
  `EXECUTION_ID_` varchar(64) CHARACTER SET utf8 COLLATE utf8_bin NOT NULL,
  `ACT_ID_` varchar(255) CHARACTER SET utf8 COLLATE utf8_bin NOT NULL,
  `TASK_ID_` varchar(64) CHARACTER SET utf8 COLLATE utf8_bin NULL DEFAULT NULL,
  `CALL_PROC_INST_ID_` varchar(64) CHARACTER SET utf8 COLLATE utf8_bin NULL DEFAULT NULL,
  `ACT_NAME_` varchar(255) CHARACTER SET utf8 COLLATE utf8_bin NULL DEFAULT NULL,
  `ACT_TYPE_` varchar(255) CHARACTER SET utf8 COLLATE utf8_bin NOT NULL,
  `ASSIGNEE_` varchar(255) CHARACTER SET utf8 COLLATE utf8_bin NULL DEFAULT NULL,
  `START_TIME_` datetime(3) NOT NULL,
  `END_TIME_` datetime(3) NULL DEFAULT NULL,
  `DURATION_` bigint(20) NULL DEFAULT NULL,
  `DELETE_REASON_` varchar(4000) CHARACTER SET utf8 COLLATE utf8_bin NULL DEFAULT NULL,
  `TENANT_ID_` varchar(255) CHARACTER SET utf8 COLLATE utf8_bin NULL DEFAULT '',
  PRIMARY KEY (`ID_`) USING BTREE,
  INDEX `ACT_IDX_HI_ACT_INST_START`(`START_TIME_`) USING BTREE,
  INDEX `ACT_IDX_HI_ACT_INST_END`(`END_TIME_`) USING BTREE,
  INDEX `ACT_IDX_HI_ACT_INST_PROCINST`(`PROC_INST_ID_`, `ACT_ID_`) USING BTREE,
  INDEX `ACT_IDX_HI_ACT_INST_EXEC`(`EXECUTION_ID_`, `ACT_ID_`) USING BTREE
) ENGINE = InnoDB CHARACTER SET = utf8 COLLATE = utf8_bin ROW_FORMAT = Dynamic;

-- ----------------------------
-- Records of act_hi_actinst
-- ----------------------------

-- ----------------------------
-- Table structure for act_hi_attachment
-- ----------------------------
DROP TABLE IF EXISTS `act_hi_attachment`;
CREATE TABLE `act_hi_attachment`  (
  `ID_` varchar(64) CHARACTER SET utf8 COLLATE utf8_bin NOT NULL,
  `REV_` int(11) NULL DEFAULT NULL,
  `USER_ID_` varchar(255) CHARACTER SET utf8 COLLATE utf8_bin NULL DEFAULT NULL,
  `NAME_` varchar(255) CHARACTER SET utf8 COLLATE utf8_bin NULL DEFAULT NULL,
  `DESCRIPTION_` varchar(4000) CHARACTER SET utf8 COLLATE utf8_bin NULL DEFAULT NULL,
  `TYPE_` varchar(255) CHARACTER SET utf8 COLLATE utf8_bin NULL DEFAULT NULL,
  `TASK_ID_` varchar(64) CHARACTER SET utf8 COLLATE utf8_bin NULL DEFAULT NULL,
  `PROC_INST_ID_` varchar(64) CHARACTER SET utf8 COLLATE utf8_bin NULL DEFAULT NULL,
  `URL_` varchar(4000) CHARACTER SET utf8 COLLATE utf8_bin NULL DEFAULT NULL,
  `CONTENT_ID_` varchar(64) CHARACTER SET utf8 COLLATE utf8_bin NULL DEFAULT NULL,
  `TIME_` datetime(3) NULL DEFAULT NULL,
  PRIMARY KEY (`ID_`) USING BTREE
) ENGINE = InnoDB CHARACTER SET = utf8 COLLATE = utf8_bin ROW_FORMAT = Dynamic;

-- ----------------------------
-- Records of act_hi_attachment
-- ----------------------------

-- ----------------------------
-- Table structure for act_hi_comment
-- ----------------------------
DROP TABLE IF EXISTS `act_hi_comment`;
CREATE TABLE `act_hi_comment`  (
  `ID_` varchar(64) CHARACTER SET utf8 COLLATE utf8_bin NOT NULL,
  `TYPE_` varchar(255) CHARACTER SET utf8 COLLATE utf8_bin NULL DEFAULT NULL,
  `TIME_` datetime(3) NOT NULL,
  `USER_ID_` varchar(255) CHARACTER SET utf8 COLLATE utf8_bin NULL DEFAULT NULL,
  `TASK_ID_` varchar(64) CHARACTER SET utf8 COLLATE utf8_bin NULL DEFAULT NULL,
  `PROC_INST_ID_` varchar(64) CHARACTER SET utf8 COLLATE utf8_bin NULL DEFAULT NULL,
  `ACTION_` varchar(255) CHARACTER SET utf8 COLLATE utf8_bin NULL DEFAULT NULL,
  `MESSAGE_` varchar(4000) CHARACTER SET utf8 COLLATE utf8_bin NULL DEFAULT NULL,
  `FULL_MSG_` longblob NULL,
  PRIMARY KEY (`ID_`) USING BTREE
) ENGINE = InnoDB CHARACTER SET = utf8 COLLATE = utf8_bin ROW_FORMAT = Dynamic;

-- ----------------------------
-- Records of act_hi_comment
-- ----------------------------

-- ----------------------------
-- Table structure for act_hi_detail
-- ----------------------------
DROP TABLE IF EXISTS `act_hi_detail`;
CREATE TABLE `act_hi_detail`  (
  `ID_` varchar(64) CHARACTER SET utf8 COLLATE utf8_bin NOT NULL,
  `TYPE_` varchar(255) CHARACTER SET utf8 COLLATE utf8_bin NOT NULL,
  `PROC_INST_ID_` varchar(64) CHARACTER SET utf8 COLLATE utf8_bin NULL DEFAULT NULL,
  `EXECUTION_ID_` varchar(64) CHARACTER SET utf8 COLLATE utf8_bin NULL DEFAULT NULL,
  `TASK_ID_` varchar(64) CHARACTER SET utf8 COLLATE utf8_bin NULL DEFAULT NULL,
  `ACT_INST_ID_` varchar(64) CHARACTER SET utf8 COLLATE utf8_bin NULL DEFAULT NULL,
  `NAME_` varchar(255) CHARACTER SET utf8 COLLATE utf8_bin NOT NULL,
  `VAR_TYPE_` varchar(255) CHARACTER SET utf8 COLLATE utf8_bin NULL DEFAULT NULL,
  `REV_` int(11) NULL DEFAULT NULL,
  `TIME_` datetime(3) NOT NULL,
  `BYTEARRAY_ID_` varchar(64) CHARACTER SET utf8 COLLATE utf8_bin NULL DEFAULT NULL,
  `DOUBLE_` double NULL DEFAULT NULL,
  `LONG_` bigint(20) NULL DEFAULT NULL,
  `TEXT_` varchar(4000) CHARACTER SET utf8 COLLATE utf8_bin NULL DEFAULT NULL,
  `TEXT2_` varchar(4000) CHARACTER SET utf8 COLLATE utf8_bin NULL DEFAULT NULL,
  PRIMARY KEY (`ID_`) USING BTREE,
  INDEX `ACT_IDX_HI_DETAIL_PROC_INST`(`PROC_INST_ID_`) USING BTREE,
  INDEX `ACT_IDX_HI_DETAIL_ACT_INST`(`ACT_INST_ID_`) USING BTREE,
  INDEX `ACT_IDX_HI_DETAIL_TIME`(`TIME_`) USING BTREE,
  INDEX `ACT_IDX_HI_DETAIL_NAME`(`NAME_`) USING BTREE,
  INDEX `ACT_IDX_HI_DETAIL_TASK_ID`(`TASK_ID_`) USING BTREE
) ENGINE = InnoDB CHARACTER SET = utf8 COLLATE = utf8_bin ROW_FORMAT = Dynamic;

-- ----------------------------
-- Records of act_hi_detail
-- ----------------------------

-- ----------------------------
-- Table structure for act_hi_identitylink
-- ----------------------------
DROP TABLE IF EXISTS `act_hi_identitylink`;
CREATE TABLE `act_hi_identitylink`  (
  `ID_` varchar(64) CHARACTER SET utf8 COLLATE utf8_bin NOT NULL,
  `GROUP_ID_` varchar(255) CHARACTER SET utf8 COLLATE utf8_bin NULL DEFAULT NULL,
  `TYPE_` varchar(255) CHARACTER SET utf8 COLLATE utf8_bin NULL DEFAULT NULL,
  `USER_ID_` varchar(255) CHARACTER SET utf8 COLLATE utf8_bin NULL DEFAULT NULL,
  `TASK_ID_` varchar(64) CHARACTER SET utf8 COLLATE utf8_bin NULL DEFAULT NULL,
  `PROC_INST_ID_` varchar(64) CHARACTER SET utf8 COLLATE utf8_bin NULL DEFAULT NULL,
  PRIMARY KEY (`ID_`) USING BTREE,
  INDEX `ACT_IDX_HI_IDENT_LNK_USER`(`USER_ID_`) USING BTREE,
  INDEX `ACT_IDX_HI_IDENT_LNK_TASK`(`TASK_ID_`) USING BTREE,
  INDEX `ACT_IDX_HI_IDENT_LNK_PROCINST`(`PROC_INST_ID_`) USING BTREE
) ENGINE = InnoDB CHARACTER SET = utf8 COLLATE = utf8_bin ROW_FORMAT = Dynamic;

-- ----------------------------
-- Records of act_hi_identitylink
-- ----------------------------

-- ----------------------------
-- Table structure for act_hi_procinst
-- ----------------------------
DROP TABLE IF EXISTS `act_hi_procinst`;
CREATE TABLE `act_hi_procinst`  (
  `ID_` varchar(64) CHARACTER SET utf8 COLLATE utf8_bin NOT NULL,
  `PROC_INST_ID_` varchar(64) CHARACTER SET utf8 COLLATE utf8_bin NOT NULL,
  `BUSINESS_KEY_` varchar(255) CHARACTER SET utf8 COLLATE utf8_bin NULL DEFAULT NULL,
  `PROC_DEF_ID_` varchar(64) CHARACTER SET utf8 COLLATE utf8_bin NOT NULL,
  `START_TIME_` datetime(3) NOT NULL,
  `END_TIME_` datetime(3) NULL DEFAULT NULL,
  `DURATION_` bigint(20) NULL DEFAULT NULL,
  `START_USER_ID_` varchar(255) CHARACTER SET utf8 COLLATE utf8_bin NULL DEFAULT NULL,
  `START_ACT_ID_` varchar(255) CHARACTER SET utf8 COLLATE utf8_bin NULL DEFAULT NULL,
  `END_ACT_ID_` varchar(255) CHARACTER SET utf8 COLLATE utf8_bin NULL DEFAULT NULL,
  `SUPER_PROCESS_INSTANCE_ID_` varchar(64) CHARACTER SET utf8 COLLATE utf8_bin NULL DEFAULT NULL,
  `DELETE_REASON_` varchar(4000) CHARACTER SET utf8 COLLATE utf8_bin NULL DEFAULT NULL,
  `TENANT_ID_` varchar(255) CHARACTER SET utf8 COLLATE utf8_bin NULL DEFAULT '',
  `NAME_` varchar(255) CHARACTER SET utf8 COLLATE utf8_bin NULL DEFAULT NULL,
  PRIMARY KEY (`ID_`) USING BTREE,
  UNIQUE INDEX `PROC_INST_ID_`(`PROC_INST_ID_`) USING BTREE,
  INDEX `ACT_IDX_HI_PRO_INST_END`(`END_TIME_`) USING BTREE,
  INDEX `ACT_IDX_HI_PRO_I_BUSKEY`(`BUSINESS_KEY_`) USING BTREE
) ENGINE = InnoDB CHARACTER SET = utf8 COLLATE = utf8_bin ROW_FORMAT = Dynamic;

-- ----------------------------
-- Records of act_hi_procinst
-- ----------------------------

-- ----------------------------
-- Table structure for act_hi_taskinst
-- ----------------------------
DROP TABLE IF EXISTS `act_hi_taskinst`;
CREATE TABLE `act_hi_taskinst`  (
  `ID_` varchar(64) CHARACTER SET utf8 COLLATE utf8_bin NOT NULL,
  `PROC_DEF_ID_` varchar(64) CHARACTER SET utf8 COLLATE utf8_bin NULL DEFAULT NULL,
  `TASK_DEF_KEY_` varchar(255) CHARACTER SET utf8 COLLATE utf8_bin NULL DEFAULT NULL,
  `PROC_INST_ID_` varchar(64) CHARACTER SET utf8 COLLATE utf8_bin NULL DEFAULT NULL,
  `EXECUTION_ID_` varchar(64) CHARACTER SET utf8 COLLATE utf8_bin NULL DEFAULT NULL,
  `NAME_` varchar(255) CHARACTER SET utf8 COLLATE utf8_bin NULL DEFAULT NULL,
  `PARENT_TASK_ID_` varchar(64) CHARACTER SET utf8 COLLATE utf8_bin NULL DEFAULT NULL,
  `DESCRIPTION_` varchar(4000) CHARACTER SET utf8 COLLATE utf8_bin NULL DEFAULT NULL,
  `OWNER_` varchar(255) CHARACTER SET utf8 COLLATE utf8_bin NULL DEFAULT NULL,
  `ASSIGNEE_` varchar(255) CHARACTER SET utf8 COLLATE utf8_bin NULL DEFAULT NULL,
  `START_TIME_` datetime(3) NOT NULL,
  `CLAIM_TIME_` datetime(3) NULL DEFAULT NULL,
  `END_TIME_` datetime(3) NULL DEFAULT NULL,
  `DURATION_` bigint(20) NULL DEFAULT NULL,
  `DELETE_REASON_` varchar(4000) CHARACTER SET utf8 COLLATE utf8_bin NULL DEFAULT NULL,
  `PRIORITY_` int(11) NULL DEFAULT NULL,
  `DUE_DATE_` datetime(3) NULL DEFAULT NULL,
  `FORM_KEY_` varchar(255) CHARACTER SET utf8 COLLATE utf8_bin NULL DEFAULT NULL,
  `CATEGORY_` varchar(255) CHARACTER SET utf8 COLLATE utf8_bin NULL DEFAULT NULL,
  `TENANT_ID_` varchar(255) CHARACTER SET utf8 COLLATE utf8_bin NULL DEFAULT '',
  PRIMARY KEY (`ID_`) USING BTREE,
  INDEX `ACT_IDX_HI_TASK_INST_PROCINST`(`PROC_INST_ID_`) USING BTREE
) ENGINE = InnoDB CHARACTER SET = utf8 COLLATE = utf8_bin ROW_FORMAT = Dynamic;

-- ----------------------------
-- Records of act_hi_taskinst
-- ----------------------------

-- ----------------------------
-- Table structure for act_hi_varinst
-- ----------------------------
DROP TABLE IF EXISTS `act_hi_varinst`;
CREATE TABLE `act_hi_varinst`  (
  `ID_` varchar(64) CHARACTER SET utf8 COLLATE utf8_bin NOT NULL,
  `PROC_INST_ID_` varchar(64) CHARACTER SET utf8 COLLATE utf8_bin NULL DEFAULT NULL,
  `EXECUTION_ID_` varchar(64) CHARACTER SET utf8 COLLATE utf8_bin NULL DEFAULT NULL,
  `TASK_ID_` varchar(64) CHARACTER SET utf8 COLLATE utf8_bin NULL DEFAULT NULL,
  `NAME_` varchar(255) CHARACTER SET utf8 COLLATE utf8_bin NOT NULL,
  `VAR_TYPE_` varchar(100) CHARACTER SET utf8 COLLATE utf8_bin NULL DEFAULT NULL,
  `REV_` int(11) NULL DEFAULT NULL,
  `BYTEARRAY_ID_` varchar(64) CHARACTER SET utf8 COLLATE utf8_bin NULL DEFAULT NULL,
  `DOUBLE_` double NULL DEFAULT NULL,
  `LONG_` bigint(20) NULL DEFAULT NULL,
  `TEXT_` varchar(4000) CHARACTER SET utf8 COLLATE utf8_bin NULL DEFAULT NULL,
  `TEXT2_` varchar(4000) CHARACTER SET utf8 COLLATE utf8_bin NULL DEFAULT NULL,
  `CREATE_TIME_` datetime(3) NULL DEFAULT NULL,
  `LAST_UPDATED_TIME_` datetime(3) NULL DEFAULT NULL,
  PRIMARY KEY (`ID_`) USING BTREE,
  INDEX `ACT_IDX_HI_PROCVAR_PROC_INST`(`PROC_INST_ID_`) USING BTREE,
  INDEX `ACT_IDX_HI_PROCVAR_NAME_TYPE`(`NAME_`, `VAR_TYPE_`) USING BTREE,
  INDEX `ACT_IDX_HI_PROCVAR_TASK_ID`(`TASK_ID_`) USING BTREE
) ENGINE = InnoDB CHARACTER SET = utf8 COLLATE = utf8_bin ROW_FORMAT = Dynamic;

-- ----------------------------
-- Records of act_hi_varinst
-- ----------------------------

-- ----------------------------
-- Table structure for act_procdef_info
-- ----------------------------
DROP TABLE IF EXISTS `act_procdef_info`;
CREATE TABLE `act_procdef_info`  (
  `ID_` varchar(64) CHARACTER SET utf8 COLLATE utf8_bin NOT NULL,
  `PROC_DEF_ID_` varchar(64) CHARACTER SET utf8 COLLATE utf8_bin NOT NULL,
  `REV_` int(11) NULL DEFAULT NULL,
  `INFO_JSON_ID_` varchar(64) CHARACTER SET utf8 COLLATE utf8_bin NULL DEFAULT NULL,
  PRIMARY KEY (`ID_`) USING BTREE,
  UNIQUE INDEX `ACT_UNIQ_INFO_PROCDEF`(`PROC_DEF_ID_`) USING BTREE,
  INDEX `ACT_IDX_INFO_PROCDEF`(`PROC_DEF_ID_`) USING BTREE,
  INDEX `ACT_FK_INFO_JSON_BA`(`INFO_JSON_ID_`) USING BTREE,
  CONSTRAINT `ACT_FK_INFO_JSON_BA` FOREIGN KEY (`INFO_JSON_ID_`) REFERENCES `act_ge_bytearray` (`id_`) ON DELETE RESTRICT ON UPDATE RESTRICT,
  CONSTRAINT `ACT_FK_INFO_PROCDEF` FOREIGN KEY (`PROC_DEF_ID_`) REFERENCES `act_re_procdef` (`id_`) ON DELETE RESTRICT ON UPDATE RESTRICT
) ENGINE = InnoDB CHARACTER SET = utf8 COLLATE = utf8_bin ROW_FORMAT = Dynamic;

-- ----------------------------
-- Records of act_procdef_info
-- ----------------------------

-- ----------------------------
-- Table structure for act_re_deployment
-- ----------------------------
DROP TABLE IF EXISTS `act_re_deployment`;
CREATE TABLE `act_re_deployment`  (
  `ID_` varchar(64) CHARACTER SET utf8 COLLATE utf8_bin NOT NULL,
  `NAME_` varchar(255) CHARACTER SET utf8 COLLATE utf8_bin NULL DEFAULT NULL,
  `CATEGORY_` varchar(255) CHARACTER SET utf8 COLLATE utf8_bin NULL DEFAULT NULL,
  `KEY_` varchar(255) CHARACTER SET utf8 COLLATE utf8_bin NULL DEFAULT NULL,
  `TENANT_ID_` varchar(255) CHARACTER SET utf8 COLLATE utf8_bin NULL DEFAULT '',
  `DEPLOY_TIME_` timestamp(3) NULL DEFAULT NULL,
  `ENGINE_VERSION_` varchar(255) CHARACTER SET utf8 COLLATE utf8_bin NULL DEFAULT NULL,
  PRIMARY KEY (`ID_`) USING BTREE
) ENGINE = InnoDB CHARACTER SET = utf8 COLLATE = utf8_bin ROW_FORMAT = Dynamic;

-- ----------------------------
-- Records of act_re_deployment
-- ----------------------------

-- ----------------------------
-- Table structure for act_re_model
-- ----------------------------
DROP TABLE IF EXISTS `act_re_model`;
CREATE TABLE `act_re_model`  (
  `ID_` varchar(64) CHARACTER SET utf8 COLLATE utf8_bin NOT NULL,
  `REV_` int(11) NULL DEFAULT NULL,
  `NAME_` varchar(255) CHARACTER SET utf8 COLLATE utf8_bin NULL DEFAULT NULL,
  `KEY_` varchar(255) CHARACTER SET utf8 COLLATE utf8_bin NULL DEFAULT NULL,
  `CATEGORY_` varchar(255) CHARACTER SET utf8 COLLATE utf8_bin NULL DEFAULT NULL,
  `CREATE_TIME_` timestamp(3) NULL DEFAULT NULL,
  `LAST_UPDATE_TIME_` timestamp(3) NULL DEFAULT NULL,
  `VERSION_` int(11) NULL DEFAULT NULL,
  `META_INFO_` varchar(4000) CHARACTER SET utf8 COLLATE utf8_bin NULL DEFAULT NULL,
  `DEPLOYMENT_ID_` varchar(64) CHARACTER SET utf8 COLLATE utf8_bin NULL DEFAULT NULL,
  `EDITOR_SOURCE_VALUE_ID_` varchar(64) CHARACTER SET utf8 COLLATE utf8_bin NULL DEFAULT NULL,
  `EDITOR_SOURCE_EXTRA_VALUE_ID_` varchar(64) CHARACTER SET utf8 COLLATE utf8_bin NULL DEFAULT NULL,
  `TENANT_ID_` varchar(255) CHARACTER SET utf8 COLLATE utf8_bin NULL DEFAULT '',
  PRIMARY KEY (`ID_`) USING BTREE,
  INDEX `ACT_FK_MODEL_SOURCE`(`EDITOR_SOURCE_VALUE_ID_`) USING BTREE,
  INDEX `ACT_FK_MODEL_SOURCE_EXTRA`(`EDITOR_SOURCE_EXTRA_VALUE_ID_`) USING BTREE,
  INDEX `ACT_FK_MODEL_DEPLOYMENT`(`DEPLOYMENT_ID_`) USING BTREE,
  CONSTRAINT `ACT_FK_MODEL_DEPLOYMENT` FOREIGN KEY (`DEPLOYMENT_ID_`) REFERENCES `act_re_deployment` (`id_`) ON DELETE RESTRICT ON UPDATE RESTRICT,
  CONSTRAINT `ACT_FK_MODEL_SOURCE` FOREIGN KEY (`EDITOR_SOURCE_VALUE_ID_`) REFERENCES `act_ge_bytearray` (`id_`) ON DELETE RESTRICT ON UPDATE RESTRICT,
  CONSTRAINT `ACT_FK_MODEL_SOURCE_EXTRA` FOREIGN KEY (`EDITOR_SOURCE_EXTRA_VALUE_ID_`) REFERENCES `act_ge_bytearray` (`id_`) ON DELETE RESTRICT ON UPDATE RESTRICT
) ENGINE = InnoDB CHARACTER SET = utf8 COLLATE = utf8_bin ROW_FORMAT = Dynamic;

-- ----------------------------
-- Records of act_re_model
-- ----------------------------

-- ----------------------------
-- Table structure for act_re_procdef
-- ----------------------------
DROP TABLE IF EXISTS `act_re_procdef`;
CREATE TABLE `act_re_procdef`  (
  `ID_` varchar(64) CHARACTER SET utf8 COLLATE utf8_bin NOT NULL,
  `REV_` int(11) NULL DEFAULT NULL,
  `CATEGORY_` varchar(255) CHARACTER SET utf8 COLLATE utf8_bin NULL DEFAULT NULL,
  `NAME_` varchar(255) CHARACTER SET utf8 COLLATE utf8_bin NULL DEFAULT NULL,
  `KEY_` varchar(255) CHARACTER SET utf8 COLLATE utf8_bin NOT NULL,
  `VERSION_` int(11) NOT NULL,
  `DEPLOYMENT_ID_` varchar(64) CHARACTER SET utf8 COLLATE utf8_bin NULL DEFAULT NULL,
  `RESOURCE_NAME_` varchar(4000) CHARACTER SET utf8 COLLATE utf8_bin NULL DEFAULT NULL,
  `DGRM_RESOURCE_NAME_` varchar(4000) CHARACTER SET utf8 COLLATE utf8_bin NULL DEFAULT NULL,
  `DESCRIPTION_` varchar(4000) CHARACTER SET utf8 COLLATE utf8_bin NULL DEFAULT NULL,
  `HAS_START_FORM_KEY_` tinyint(4) NULL DEFAULT NULL,
  `HAS_GRAPHICAL_NOTATION_` tinyint(4) NULL DEFAULT NULL,
  `SUSPENSION_STATE_` int(11) NULL DEFAULT NULL,
  `TENANT_ID_` varchar(255) CHARACTER SET utf8 COLLATE utf8_bin NULL DEFAULT '',
  `ENGINE_VERSION_` varchar(255) CHARACTER SET utf8 COLLATE utf8_bin NULL DEFAULT NULL,
  PRIMARY KEY (`ID_`) USING BTREE,
  UNIQUE INDEX `ACT_UNIQ_PROCDEF`(`KEY_`, `VERSION_`, `TENANT_ID_`) USING BTREE
) ENGINE = InnoDB CHARACTER SET = utf8 COLLATE = utf8_bin ROW_FORMAT = Dynamic;

-- ----------------------------
-- Records of act_re_procdef
-- ----------------------------

-- ----------------------------
-- Table structure for act_ru_deadletter_job
-- ----------------------------
DROP TABLE IF EXISTS `act_ru_deadletter_job`;
CREATE TABLE `act_ru_deadletter_job`  (
  `ID_` varchar(64) CHARACTER SET utf8 COLLATE utf8_bin NOT NULL,
  `REV_` int(11) NULL DEFAULT NULL,
  `TYPE_` varchar(255) CHARACTER SET utf8 COLLATE utf8_bin NOT NULL,
  `EXCLUSIVE_` tinyint(1) NULL DEFAULT NULL,
  `EXECUTION_ID_` varchar(64) CHARACTER SET utf8 COLLATE utf8_bin NULL DEFAULT NULL,
  `PROCESS_INSTANCE_ID_` varchar(64) CHARACTER SET utf8 COLLATE utf8_bin NULL DEFAULT NULL,
  `PROC_DEF_ID_` varchar(64) CHARACTER SET utf8 COLLATE utf8_bin NULL DEFAULT NULL,
  `EXCEPTION_STACK_ID_` varchar(64) CHARACTER SET utf8 COLLATE utf8_bin NULL DEFAULT NULL,
  `EXCEPTION_MSG_` varchar(4000) CHARACTER SET utf8 COLLATE utf8_bin NULL DEFAULT NULL,
  `DUEDATE_` timestamp(3) NULL DEFAULT NULL,
  `REPEAT_` varchar(255) CHARACTER SET utf8 COLLATE utf8_bin NULL DEFAULT NULL,
  `HANDLER_TYPE_` varchar(255) CHARACTER SET utf8 COLLATE utf8_bin NULL DEFAULT NULL,
  `HANDLER_CFG_` varchar(4000) CHARACTER SET utf8 COLLATE utf8_bin NULL DEFAULT NULL,
  `TENANT_ID_` varchar(255) CHARACTER SET utf8 COLLATE utf8_bin NULL DEFAULT '',
  PRIMARY KEY (`ID_`) USING BTREE,
  INDEX `ACT_FK_DEADLETTER_JOB_EXECUTION`(`EXECUTION_ID_`) USING BTREE,
  INDEX `ACT_FK_DEADLETTER_JOB_PROCESS_INSTANCE`(`PROCESS_INSTANCE_ID_`) USING BTREE,
  INDEX `ACT_FK_DEADLETTER_JOB_PROC_DEF`(`PROC_DEF_ID_`) USING BTREE,
  INDEX `ACT_FK_DEADLETTER_JOB_EXCEPTION`(`EXCEPTION_STACK_ID_`) USING BTREE,
  CONSTRAINT `ACT_FK_DEADLETTER_JOB_EXCEPTION` FOREIGN KEY (`EXCEPTION_STACK_ID_`) REFERENCES `act_ge_bytearray` (`id_`) ON DELETE RESTRICT ON UPDATE RESTRICT,
  CONSTRAINT `ACT_FK_DEADLETTER_JOB_EXECUTION` FOREIGN KEY (`EXECUTION_ID_`) REFERENCES `act_ru_execution` (`id_`) ON DELETE RESTRICT ON UPDATE RESTRICT,
  CONSTRAINT `ACT_FK_DEADLETTER_JOB_PROCESS_INSTANCE` FOREIGN KEY (`PROCESS_INSTANCE_ID_`) REFERENCES `act_ru_execution` (`id_`) ON DELETE RESTRICT ON UPDATE RESTRICT,
  CONSTRAINT `ACT_FK_DEADLETTER_JOB_PROC_DEF` FOREIGN KEY (`PROC_DEF_ID_`) REFERENCES `act_re_procdef` (`id_`) ON DELETE RESTRICT ON UPDATE RESTRICT
) ENGINE = InnoDB CHARACTER SET = utf8 COLLATE = utf8_bin ROW_FORMAT = Dynamic;

-- ----------------------------
-- Records of act_ru_deadletter_job
-- ----------------------------

-- ----------------------------
-- Table structure for act_ru_event_subscr
-- ----------------------------
DROP TABLE IF EXISTS `act_ru_event_subscr`;
CREATE TABLE `act_ru_event_subscr`  (
  `ID_` varchar(64) CHARACTER SET utf8 COLLATE utf8_bin NOT NULL,
  `REV_` int(11) NULL DEFAULT NULL,
  `EVENT_TYPE_` varchar(255) CHARACTER SET utf8 COLLATE utf8_bin NOT NULL,
  `EVENT_NAME_` varchar(255) CHARACTER SET utf8 COLLATE utf8_bin NULL DEFAULT NULL,
  `EXECUTION_ID_` varchar(64) CHARACTER SET utf8 COLLATE utf8_bin NULL DEFAULT NULL,
  `PROC_INST_ID_` varchar(64) CHARACTER SET utf8 COLLATE utf8_bin NULL DEFAULT NULL,
  `ACTIVITY_ID_` varchar(64) CHARACTER SET utf8 COLLATE utf8_bin NULL DEFAULT NULL,
  `CONFIGURATION_` varchar(255) CHARACTER SET utf8 COLLATE utf8_bin NULL DEFAULT NULL,
  `CREATED_` timestamp(3) NOT NULL DEFAULT CURRENT_TIMESTAMP(3),
  `PROC_DEF_ID_` varchar(64) CHARACTER SET utf8 COLLATE utf8_bin NULL DEFAULT NULL,
  `TENANT_ID_` varchar(255) CHARACTER SET utf8 COLLATE utf8_bin NULL DEFAULT '',
  PRIMARY KEY (`ID_`) USING BTREE,
  INDEX `ACT_IDX_EVENT_SUBSCR_CONFIG_`(`CONFIGURATION_`) USING BTREE,
  INDEX `ACT_FK_EVENT_EXEC`(`EXECUTION_ID_`) USING BTREE,
  CONSTRAINT `ACT_FK_EVENT_EXEC` FOREIGN KEY (`EXECUTION_ID_`) REFERENCES `act_ru_execution` (`id_`) ON DELETE RESTRICT ON UPDATE RESTRICT
) ENGINE = InnoDB CHARACTER SET = utf8 COLLATE = utf8_bin ROW_FORMAT = Dynamic;

-- ----------------------------
-- Records of act_ru_event_subscr
-- ----------------------------

-- ----------------------------
-- Table structure for act_ru_execution
-- ----------------------------
DROP TABLE IF EXISTS `act_ru_execution`;
CREATE TABLE `act_ru_execution`  (
  `ID_` varchar(64) CHARACTER SET utf8 COLLATE utf8_bin NOT NULL,
  `REV_` int(11) NULL DEFAULT NULL,
  `PROC_INST_ID_` varchar(64) CHARACTER SET utf8 COLLATE utf8_bin NULL DEFAULT NULL,
  `BUSINESS_KEY_` varchar(255) CHARACTER SET utf8 COLLATE utf8_bin NULL DEFAULT NULL,
  `PARENT_ID_` varchar(64) CHARACTER SET utf8 COLLATE utf8_bin NULL DEFAULT NULL,
  `PROC_DEF_ID_` varchar(64) CHARACTER SET utf8 COLLATE utf8_bin NULL DEFAULT NULL,
  `SUPER_EXEC_` varchar(64) CHARACTER SET utf8 COLLATE utf8_bin NULL DEFAULT NULL,
  `ROOT_PROC_INST_ID_` varchar(64) CHARACTER SET utf8 COLLATE utf8_bin NULL DEFAULT NULL,
  `ACT_ID_` varchar(255) CHARACTER SET utf8 COLLATE utf8_bin NULL DEFAULT NULL,
  `IS_ACTIVE_` tinyint(4) NULL DEFAULT NULL,
  `IS_CONCURRENT_` tinyint(4) NULL DEFAULT NULL,
  `IS_SCOPE_` tinyint(4) NULL DEFAULT NULL,
  `IS_EVENT_SCOPE_` tinyint(4) NULL DEFAULT NULL,
  `IS_MI_ROOT_` tinyint(4) NULL DEFAULT NULL,
  `SUSPENSION_STATE_` int(11) NULL DEFAULT NULL,
  `CACHED_ENT_STATE_` int(11) NULL DEFAULT NULL,
  `TENANT_ID_` varchar(255) CHARACTER SET utf8 COLLATE utf8_bin NULL DEFAULT '',
  `NAME_` varchar(255) CHARACTER SET utf8 COLLATE utf8_bin NULL DEFAULT NULL,
  `START_TIME_` datetime(3) NULL DEFAULT NULL,
  `START_USER_ID_` varchar(255) CHARACTER SET utf8 COLLATE utf8_bin NULL DEFAULT NULL,
  `LOCK_TIME_` timestamp(3) NULL DEFAULT NULL,
  `IS_COUNT_ENABLED_` tinyint(4) NULL DEFAULT NULL,
  `EVT_SUBSCR_COUNT_` int(11) NULL DEFAULT NULL,
  `TASK_COUNT_` int(11) NULL DEFAULT NULL,
  `JOB_COUNT_` int(11) NULL DEFAULT NULL,
  `TIMER_JOB_COUNT_` int(11) NULL DEFAULT NULL,
  `SUSP_JOB_COUNT_` int(11) NULL DEFAULT NULL,
  `DEADLETTER_JOB_COUNT_` int(11) NULL DEFAULT NULL,
  `VAR_COUNT_` int(11) NULL DEFAULT NULL,
  `ID_LINK_COUNT_` int(11) NULL DEFAULT NULL,
  PRIMARY KEY (`ID_`) USING BTREE,
  INDEX `ACT_IDX_EXEC_BUSKEY`(`BUSINESS_KEY_`) USING BTREE,
  INDEX `ACT_IDC_EXEC_ROOT`(`ROOT_PROC_INST_ID_`) USING BTREE,
  INDEX `ACT_FK_EXE_PROCINST`(`PROC_INST_ID_`) USING BTREE,
  INDEX `ACT_FK_EXE_PARENT`(`PARENT_ID_`) USING BTREE,
  INDEX `ACT_FK_EXE_SUPER`(`SUPER_EXEC_`) USING BTREE,
  INDEX `ACT_FK_EXE_PROCDEF`(`PROC_DEF_ID_`) USING BTREE,
  CONSTRAINT `ACT_FK_EXE_PARENT` FOREIGN KEY (`PARENT_ID_`) REFERENCES `act_ru_execution` (`id_`) ON DELETE CASCADE ON UPDATE RESTRICT,
  CONSTRAINT `ACT_FK_EXE_PROCDEF` FOREIGN KEY (`PROC_DEF_ID_`) REFERENCES `act_re_procdef` (`id_`) ON DELETE RESTRICT ON UPDATE RESTRICT,
  CONSTRAINT `ACT_FK_EXE_PROCINST` FOREIGN KEY (`PROC_INST_ID_`) REFERENCES `act_ru_execution` (`id_`) ON DELETE CASCADE ON UPDATE CASCADE,
  CONSTRAINT `ACT_FK_EXE_SUPER` FOREIGN KEY (`SUPER_EXEC_`) REFERENCES `act_ru_execution` (`id_`) ON DELETE CASCADE ON UPDATE RESTRICT
) ENGINE = InnoDB CHARACTER SET = utf8 COLLATE = utf8_bin ROW_FORMAT = Dynamic;

-- ----------------------------
-- Records of act_ru_execution
-- ----------------------------

-- ----------------------------
-- Table structure for act_ru_identitylink
-- ----------------------------
DROP TABLE IF EXISTS `act_ru_identitylink`;
CREATE TABLE `act_ru_identitylink`  (
  `ID_` varchar(64) CHARACTER SET utf8 COLLATE utf8_bin NOT NULL,
  `REV_` int(11) NULL DEFAULT NULL,
  `GROUP_ID_` varchar(255) CHARACTER SET utf8 COLLATE utf8_bin NULL DEFAULT NULL,
  `TYPE_` varchar(255) CHARACTER SET utf8 COLLATE utf8_bin NULL DEFAULT NULL,
  `USER_ID_` varchar(255) CHARACTER SET utf8 COLLATE utf8_bin NULL DEFAULT NULL,
  `TASK_ID_` varchar(64) CHARACTER SET utf8 COLLATE utf8_bin NULL DEFAULT NULL,
  `PROC_INST_ID_` varchar(64) CHARACTER SET utf8 COLLATE utf8_bin NULL DEFAULT NULL,
  `PROC_DEF_ID_` varchar(64) CHARACTER SET utf8 COLLATE utf8_bin NULL DEFAULT NULL,
  PRIMARY KEY (`ID_`) USING BTREE,
  INDEX `ACT_IDX_IDENT_LNK_USER`(`USER_ID_`) USING BTREE,
  INDEX `ACT_IDX_IDENT_LNK_GROUP`(`GROUP_ID_`) USING BTREE,
  INDEX `ACT_IDX_ATHRZ_PROCEDEF`(`PROC_DEF_ID_`) USING BTREE,
  INDEX `ACT_FK_TSKASS_TASK`(`TASK_ID_`) USING BTREE,
  INDEX `ACT_FK_IDL_PROCINST`(`PROC_INST_ID_`) USING BTREE,
  CONSTRAINT `ACT_FK_ATHRZ_PROCEDEF` FOREIGN KEY (`PROC_DEF_ID_`) REFERENCES `act_re_procdef` (`id_`) ON DELETE RESTRICT ON UPDATE RESTRICT,
  CONSTRAINT `ACT_FK_IDL_PROCINST` FOREIGN KEY (`PROC_INST_ID_`) REFERENCES `act_ru_execution` (`id_`) ON DELETE RESTRICT ON UPDATE RESTRICT,
  CONSTRAINT `ACT_FK_TSKASS_TASK` FOREIGN KEY (`TASK_ID_`) REFERENCES `act_ru_task` (`id_`) ON DELETE RESTRICT ON UPDATE RESTRICT
) ENGINE = InnoDB CHARACTER SET = utf8 COLLATE = utf8_bin ROW_FORMAT = Dynamic;

-- ----------------------------
-- Records of act_ru_identitylink
-- ----------------------------

-- ----------------------------
-- Table structure for act_ru_integration
-- ----------------------------
DROP TABLE IF EXISTS `act_ru_integration`;
CREATE TABLE `act_ru_integration`  (
  `ID_` varchar(64) CHARACTER SET utf8 COLLATE utf8_bin NOT NULL,
  `EXECUTION_ID_` varchar(64) CHARACTER SET utf8 COLLATE utf8_bin NULL DEFAULT NULL,
  `PROCESS_INSTANCE_ID_` varchar(64) CHARACTER SET utf8 COLLATE utf8_bin NULL DEFAULT NULL,
  `PROC_DEF_ID_` varchar(64) CHARACTER SET utf8 COLLATE utf8_bin NULL DEFAULT NULL,
  `FLOW_NODE_ID_` varchar(64) CHARACTER SET utf8 COLLATE utf8_bin NULL DEFAULT NULL,
  `CREATED_DATE_` timestamp(3) NULL DEFAULT NULL,
  PRIMARY KEY (`ID_`) USING BTREE,
  INDEX `ACT_FK_INT_EXECUTION`(`EXECUTION_ID_`) USING BTREE,
  INDEX `ACT_FK_INT_PROC_INST`(`PROCESS_INSTANCE_ID_`) USING BTREE,
  INDEX `ACT_FK_INT_PROC_DEF`(`PROC_DEF_ID_`) USING BTREE,
  CONSTRAINT `ACT_FK_INT_EXECUTION` FOREIGN KEY (`EXECUTION_ID_`) REFERENCES `act_ru_execution` (`id_`) ON DELETE CASCADE ON UPDATE RESTRICT,
  CONSTRAINT `ACT_FK_INT_PROC_DEF` FOREIGN KEY (`PROC_DEF_ID_`) REFERENCES `act_re_procdef` (`id_`) ON DELETE RESTRICT ON UPDATE RESTRICT,
  CONSTRAINT `ACT_FK_INT_PROC_INST` FOREIGN KEY (`PROCESS_INSTANCE_ID_`) REFERENCES `act_ru_execution` (`id_`) ON DELETE RESTRICT ON UPDATE RESTRICT
) ENGINE = InnoDB CHARACTER SET = utf8 COLLATE = utf8_bin ROW_FORMAT = Dynamic;

-- ----------------------------
-- Records of act_ru_integration
-- ----------------------------

-- ----------------------------
-- Table structure for act_ru_job
-- ----------------------------
DROP TABLE IF EXISTS `act_ru_job`;
CREATE TABLE `act_ru_job`  (
  `ID_` varchar(64) CHARACTER SET utf8 COLLATE utf8_bin NOT NULL,
  `REV_` int(11) NULL DEFAULT NULL,
  `TYPE_` varchar(255) CHARACTER SET utf8 COLLATE utf8_bin NOT NULL,
  `LOCK_EXP_TIME_` timestamp(3) NULL DEFAULT NULL,
  `LOCK_OWNER_` varchar(255) CHARACTER SET utf8 COLLATE utf8_bin NULL DEFAULT NULL,
  `EXCLUSIVE_` tinyint(1) NULL DEFAULT NULL,
  `EXECUTION_ID_` varchar(64) CHARACTER SET utf8 COLLATE utf8_bin NULL DEFAULT NULL,
  `PROCESS_INSTANCE_ID_` varchar(64) CHARACTER SET utf8 COLLATE utf8_bin NULL DEFAULT NULL,
  `PROC_DEF_ID_` varchar(64) CHARACTER SET utf8 COLLATE utf8_bin NULL DEFAULT NULL,
  `RETRIES_` int(11) NULL DEFAULT NULL,
  `EXCEPTION_STACK_ID_` varchar(64) CHARACTER SET utf8 COLLATE utf8_bin NULL DEFAULT NULL,
  `EXCEPTION_MSG_` varchar(4000) CHARACTER SET utf8 COLLATE utf8_bin NULL DEFAULT NULL,
  `DUEDATE_` timestamp(3) NULL DEFAULT NULL,
  `REPEAT_` varchar(255) CHARACTER SET utf8 COLLATE utf8_bin NULL DEFAULT NULL,
  `HANDLER_TYPE_` varchar(255) CHARACTER SET utf8 COLLATE utf8_bin NULL DEFAULT NULL,
  `HANDLER_CFG_` varchar(4000) CHARACTER SET utf8 COLLATE utf8_bin NULL DEFAULT NULL,
  `TENANT_ID_` varchar(255) CHARACTER SET utf8 COLLATE utf8_bin NULL DEFAULT '',
  PRIMARY KEY (`ID_`) USING BTREE,
  INDEX `ACT_FK_JOB_EXECUTION`(`EXECUTION_ID_`) USING BTREE,
  INDEX `ACT_FK_JOB_PROCESS_INSTANCE`(`PROCESS_INSTANCE_ID_`) USING BTREE,
  INDEX `ACT_FK_JOB_PROC_DEF`(`PROC_DEF_ID_`) USING BTREE,
  INDEX `ACT_FK_JOB_EXCEPTION`(`EXCEPTION_STACK_ID_`) USING BTREE,
  CONSTRAINT `ACT_FK_JOB_EXCEPTION` FOREIGN KEY (`EXCEPTION_STACK_ID_`) REFERENCES `act_ge_bytearray` (`id_`) ON DELETE RESTRICT ON UPDATE RESTRICT,
  CONSTRAINT `ACT_FK_JOB_EXECUTION` FOREIGN KEY (`EXECUTION_ID_`) REFERENCES `act_ru_execution` (`id_`) ON DELETE RESTRICT ON UPDATE RESTRICT,
  CONSTRAINT `ACT_FK_JOB_PROCESS_INSTANCE` FOREIGN KEY (`PROCESS_INSTANCE_ID_`) REFERENCES `act_ru_execution` (`id_`) ON DELETE RESTRICT ON UPDATE RESTRICT,
  CONSTRAINT `ACT_FK_JOB_PROC_DEF` FOREIGN KEY (`PROC_DEF_ID_`) REFERENCES `act_re_procdef` (`id_`) ON DELETE RESTRICT ON UPDATE RESTRICT
) ENGINE = InnoDB CHARACTER SET = utf8 COLLATE = utf8_bin ROW_FORMAT = Dynamic;

-- ----------------------------
-- Records of act_ru_job
-- ----------------------------

-- ----------------------------
-- Table structure for act_ru_suspended_job
-- ----------------------------
DROP TABLE IF EXISTS `act_ru_suspended_job`;
CREATE TABLE `act_ru_suspended_job`  (
  `ID_` varchar(64) CHARACTER SET utf8 COLLATE utf8_bin NOT NULL,
  `REV_` int(11) NULL DEFAULT NULL,
  `TYPE_` varchar(255) CHARACTER SET utf8 COLLATE utf8_bin NOT NULL,
  `EXCLUSIVE_` tinyint(1) NULL DEFAULT NULL,
  `EXECUTION_ID_` varchar(64) CHARACTER SET utf8 COLLATE utf8_bin NULL DEFAULT NULL,
  `PROCESS_INSTANCE_ID_` varchar(64) CHARACTER SET utf8 COLLATE utf8_bin NULL DEFAULT NULL,
  `PROC_DEF_ID_` varchar(64) CHARACTER SET utf8 COLLATE utf8_bin NULL DEFAULT NULL,
  `RETRIES_` int(11) NULL DEFAULT NULL,
  `EXCEPTION_STACK_ID_` varchar(64) CHARACTER SET utf8 COLLATE utf8_bin NULL DEFAULT NULL,
  `EXCEPTION_MSG_` varchar(4000) CHARACTER SET utf8 COLLATE utf8_bin NULL DEFAULT NULL,
  `DUEDATE_` timestamp(3) NULL DEFAULT NULL,
  `REPEAT_` varchar(255) CHARACTER SET utf8 COLLATE utf8_bin NULL DEFAULT NULL,
  `HANDLER_TYPE_` varchar(255) CHARACTER SET utf8 COLLATE utf8_bin NULL DEFAULT NULL,
  `HANDLER_CFG_` varchar(4000) CHARACTER SET utf8 COLLATE utf8_bin NULL DEFAULT NULL,
  `TENANT_ID_` varchar(255) CHARACTER SET utf8 COLLATE utf8_bin NULL DEFAULT '',
  PRIMARY KEY (`ID_`) USING BTREE,
  INDEX `ACT_FK_SUSPENDED_JOB_EXECUTION`(`EXECUTION_ID_`) USING BTREE,
  INDEX `ACT_FK_SUSPENDED_JOB_PROCESS_INSTANCE`(`PROCESS_INSTANCE_ID_`) USING BTREE,
  INDEX `ACT_FK_SUSPENDED_JOB_PROC_DEF`(`PROC_DEF_ID_`) USING BTREE,
  INDEX `ACT_FK_SUSPENDED_JOB_EXCEPTION`(`EXCEPTION_STACK_ID_`) USING BTREE,
  CONSTRAINT `ACT_FK_SUSPENDED_JOB_EXCEPTION` FOREIGN KEY (`EXCEPTION_STACK_ID_`) REFERENCES `act_ge_bytearray` (`id_`) ON DELETE RESTRICT ON UPDATE RESTRICT,
  CONSTRAINT `ACT_FK_SUSPENDED_JOB_EXECUTION` FOREIGN KEY (`EXECUTION_ID_`) REFERENCES `act_ru_execution` (`id_`) ON DELETE RESTRICT ON UPDATE RESTRICT,
  CONSTRAINT `ACT_FK_SUSPENDED_JOB_PROCESS_INSTANCE` FOREIGN KEY (`PROCESS_INSTANCE_ID_`) REFERENCES `act_ru_execution` (`id_`) ON DELETE RESTRICT ON UPDATE RESTRICT,
  CONSTRAINT `ACT_FK_SUSPENDED_JOB_PROC_DEF` FOREIGN KEY (`PROC_DEF_ID_`) REFERENCES `act_re_procdef` (`id_`) ON DELETE RESTRICT ON UPDATE RESTRICT
) ENGINE = InnoDB CHARACTER SET = utf8 COLLATE = utf8_bin ROW_FORMAT = Dynamic;

-- ----------------------------
-- Records of act_ru_suspended_job
-- ----------------------------

-- ----------------------------
-- Table structure for act_ru_task
-- ----------------------------
DROP TABLE IF EXISTS `act_ru_task`;
CREATE TABLE `act_ru_task`  (
  `ID_` varchar(64) CHARACTER SET utf8 COLLATE utf8_bin NOT NULL,
  `REV_` int(11) NULL DEFAULT NULL,
  `EXECUTION_ID_` varchar(64) CHARACTER SET utf8 COLLATE utf8_bin NULL DEFAULT NULL,
  `PROC_INST_ID_` varchar(64) CHARACTER SET utf8 COLLATE utf8_bin NULL DEFAULT NULL,
  `PROC_DEF_ID_` varchar(64) CHARACTER SET utf8 COLLATE utf8_bin NULL DEFAULT NULL,
  `NAME_` varchar(255) CHARACTER SET utf8 COLLATE utf8_bin NULL DEFAULT NULL,
  `PARENT_TASK_ID_` varchar(64) CHARACTER SET utf8 COLLATE utf8_bin NULL DEFAULT NULL,
  `DESCRIPTION_` varchar(4000) CHARACTER SET utf8 COLLATE utf8_bin NULL DEFAULT NULL,
  `TASK_DEF_KEY_` varchar(255) CHARACTER SET utf8 COLLATE utf8_bin NULL DEFAULT NULL,
  `OWNER_` varchar(255) CHARACTER SET utf8 COLLATE utf8_bin NULL DEFAULT NULL,
  `ASSIGNEE_` varchar(255) CHARACTER SET utf8 COLLATE utf8_bin NULL DEFAULT NULL,
  `DELEGATION_` varchar(64) CHARACTER SET utf8 COLLATE utf8_bin NULL DEFAULT NULL,
  `PRIORITY_` int(11) NULL DEFAULT NULL,
  `CREATE_TIME_` timestamp(3) NULL DEFAULT NULL,
  `DUE_DATE_` datetime(3) NULL DEFAULT NULL,
  `CATEGORY_` varchar(255) CHARACTER SET utf8 COLLATE utf8_bin NULL DEFAULT NULL,
  `SUSPENSION_STATE_` int(11) NULL DEFAULT NULL,
  `TENANT_ID_` varchar(255) CHARACTER SET utf8 COLLATE utf8_bin NULL DEFAULT '',
  `FORM_KEY_` varchar(255) CHARACTER SET utf8 COLLATE utf8_bin NULL DEFAULT NULL,
  `CLAIM_TIME_` datetime(3) NULL DEFAULT NULL,
  PRIMARY KEY (`ID_`) USING BTREE,
  INDEX `ACT_IDX_TASK_CREATE`(`CREATE_TIME_`) USING BTREE,
  INDEX `ACT_FK_TASK_EXE`(`EXECUTION_ID_`) USING BTREE,
  INDEX `ACT_FK_TASK_PROCINST`(`PROC_INST_ID_`) USING BTREE,
  INDEX `ACT_FK_TASK_PROCDEF`(`PROC_DEF_ID_`) USING BTREE,
  CONSTRAINT `ACT_FK_TASK_EXE` FOREIGN KEY (`EXECUTION_ID_`) REFERENCES `act_ru_execution` (`id_`) ON DELETE RESTRICT ON UPDATE RESTRICT,
  CONSTRAINT `ACT_FK_TASK_PROCDEF` FOREIGN KEY (`PROC_DEF_ID_`) REFERENCES `act_re_procdef` (`id_`) ON DELETE RESTRICT ON UPDATE RESTRICT,
  CONSTRAINT `ACT_FK_TASK_PROCINST` FOREIGN KEY (`PROC_INST_ID_`) REFERENCES `act_ru_execution` (`id_`) ON DELETE RESTRICT ON UPDATE RESTRICT
) ENGINE = InnoDB CHARACTER SET = utf8 COLLATE = utf8_bin ROW_FORMAT = Dynamic;

-- ----------------------------
-- Records of act_ru_task
-- ----------------------------

-- ----------------------------
-- Table structure for act_ru_timer_job
-- ----------------------------
DROP TABLE IF EXISTS `act_ru_timer_job`;
CREATE TABLE `act_ru_timer_job`  (
  `ID_` varchar(64) CHARACTER SET utf8 COLLATE utf8_bin NOT NULL,
  `REV_` int(11) NULL DEFAULT NULL,
  `TYPE_` varchar(255) CHARACTER SET utf8 COLLATE utf8_bin NOT NULL,
  `LOCK_EXP_TIME_` timestamp(3) NULL DEFAULT NULL,
  `LOCK_OWNER_` varchar(255) CHARACTER SET utf8 COLLATE utf8_bin NULL DEFAULT NULL,
  `EXCLUSIVE_` tinyint(1) NULL DEFAULT NULL,
  `EXECUTION_ID_` varchar(64) CHARACTER SET utf8 COLLATE utf8_bin NULL DEFAULT NULL,
  `PROCESS_INSTANCE_ID_` varchar(64) CHARACTER SET utf8 COLLATE utf8_bin NULL DEFAULT NULL,
  `PROC_DEF_ID_` varchar(64) CHARACTER SET utf8 COLLATE utf8_bin NULL DEFAULT NULL,
  `RETRIES_` int(11) NULL DEFAULT NULL,
  `EXCEPTION_STACK_ID_` varchar(64) CHARACTER SET utf8 COLLATE utf8_bin NULL DEFAULT NULL,
  `EXCEPTION_MSG_` varchar(4000) CHARACTER SET utf8 COLLATE utf8_bin NULL DEFAULT NULL,
  `DUEDATE_` timestamp(3) NULL DEFAULT NULL,
  `REPEAT_` varchar(255) CHARACTER SET utf8 COLLATE utf8_bin NULL DEFAULT NULL,
  `HANDLER_TYPE_` varchar(255) CHARACTER SET utf8 COLLATE utf8_bin NULL DEFAULT NULL,
  `HANDLER_CFG_` varchar(4000) CHARACTER SET utf8 COLLATE utf8_bin NULL DEFAULT NULL,
  `TENANT_ID_` varchar(255) CHARACTER SET utf8 COLLATE utf8_bin NULL DEFAULT '',
  PRIMARY KEY (`ID_`) USING BTREE,
  INDEX `ACT_FK_TIMER_JOB_EXECUTION`(`EXECUTION_ID_`) USING BTREE,
  INDEX `ACT_FK_TIMER_JOB_PROCESS_INSTANCE`(`PROCESS_INSTANCE_ID_`) USING BTREE,
  INDEX `ACT_FK_TIMER_JOB_PROC_DEF`(`PROC_DEF_ID_`) USING BTREE,
  INDEX `ACT_FK_TIMER_JOB_EXCEPTION`(`EXCEPTION_STACK_ID_`) USING BTREE,
  CONSTRAINT `ACT_FK_TIMER_JOB_EXCEPTION` FOREIGN KEY (`EXCEPTION_STACK_ID_`) REFERENCES `act_ge_bytearray` (`id_`) ON DELETE RESTRICT ON UPDATE RESTRICT,
  CONSTRAINT `ACT_FK_TIMER_JOB_EXECUTION` FOREIGN KEY (`EXECUTION_ID_`) REFERENCES `act_ru_execution` (`id_`) ON DELETE RESTRICT ON UPDATE RESTRICT,
  CONSTRAINT `ACT_FK_TIMER_JOB_PROCESS_INSTANCE` FOREIGN KEY (`PROCESS_INSTANCE_ID_`) REFERENCES `act_ru_execution` (`id_`) ON DELETE RESTRICT ON UPDATE RESTRICT,
  CONSTRAINT `ACT_FK_TIMER_JOB_PROC_DEF` FOREIGN KEY (`PROC_DEF_ID_`) REFERENCES `act_re_procdef` (`id_`) ON DELETE RESTRICT ON UPDATE RESTRICT
) ENGINE = InnoDB CHARACTER SET = utf8 COLLATE = utf8_bin ROW_FORMAT = Dynamic;

-- ----------------------------
-- Records of act_ru_timer_job
-- ----------------------------

-- ----------------------------
-- Table structure for act_ru_variable
-- ----------------------------
DROP TABLE IF EXISTS `act_ru_variable`;
CREATE TABLE `act_ru_variable`  (
  `ID_` varchar(64) CHARACTER SET utf8 COLLATE utf8_bin NOT NULL,
  `REV_` int(11) NULL DEFAULT NULL,
  `TYPE_` varchar(255) CHARACTER SET utf8 COLLATE utf8_bin NOT NULL,
  `NAME_` varchar(255) CHARACTER SET utf8 COLLATE utf8_bin NOT NULL,
  `EXECUTION_ID_` varchar(64) CHARACTER SET utf8 COLLATE utf8_bin NULL DEFAULT NULL,
  `PROC_INST_ID_` varchar(64) CHARACTER SET utf8 COLLATE utf8_bin NULL DEFAULT NULL,
  `TASK_ID_` varchar(64) CHARACTER SET utf8 COLLATE utf8_bin NULL DEFAULT NULL,
  `BYTEARRAY_ID_` varchar(64) CHARACTER SET utf8 COLLATE utf8_bin NULL DEFAULT NULL,
  `DOUBLE_` double NULL DEFAULT NULL,
  `LONG_` bigint(20) NULL DEFAULT NULL,
  `TEXT_` varchar(4000) CHARACTER SET utf8 COLLATE utf8_bin NULL DEFAULT NULL,
  `TEXT2_` varchar(4000) CHARACTER SET utf8 COLLATE utf8_bin NULL DEFAULT NULL,
  PRIMARY KEY (`ID_`) USING BTREE,
  INDEX `ACT_IDX_VARIABLE_TASK_ID`(`TASK_ID_`) USING BTREE,
  INDEX `ACT_FK_VAR_EXE`(`EXECUTION_ID_`) USING BTREE,
  INDEX `ACT_FK_VAR_PROCINST`(`PROC_INST_ID_`) USING BTREE,
  INDEX `ACT_FK_VAR_BYTEARRAY`(`BYTEARRAY_ID_`) USING BTREE,
  CONSTRAINT `ACT_FK_VAR_BYTEARRAY` FOREIGN KEY (`BYTEARRAY_ID_`) REFERENCES `act_ge_bytearray` (`id_`) ON DELETE RESTRICT ON UPDATE RESTRICT,
  CONSTRAINT `ACT_FK_VAR_EXE` FOREIGN KEY (`EXECUTION_ID_`) REFERENCES `act_ru_execution` (`id_`) ON DELETE RESTRICT ON UPDATE RESTRICT,
  CONSTRAINT `ACT_FK_VAR_PROCINST` FOREIGN KEY (`PROC_INST_ID_`) REFERENCES `act_ru_execution` (`id_`) ON DELETE RESTRICT ON UPDATE RESTRICT
) ENGINE = InnoDB CHARACTER SET = utf8 COLLATE = utf8_bin ROW_FORMAT = Dynamic;

-- ----------------------------
-- Records of act_ru_variable
-- ----------------------------

-- ----------------------------
-- Table structure for oauth_access_token
-- ----------------------------
DROP TABLE IF EXISTS `oauth_access_token`;
CREATE TABLE `oauth_access_token`  (
  `token_id` varchar(30) CHARACTER SET utf8 COLLATE utf8_general_ci NULL DEFAULT NULL,
  `token` blob NULL,
  `authentication_id` varchar(80) CHARACTER SET utf8 COLLATE utf8_general_ci NOT NULL,
  `user_name` varchar(256) CHARACTER SET utf8 COLLATE utf8_general_ci NULL DEFAULT NULL,
  `client_id` varchar(256) CHARACTER SET utf8 COLLATE utf8_general_ci NULL DEFAULT NULL,
  `authentication` blob NULL,
  `refresh_token` varchar(256) CHARACTER SET utf8 COLLATE utf8_general_ci NULL DEFAULT NULL,
  PRIMARY KEY (`authentication_id`) USING BTREE
) ENGINE = InnoDB CHARACTER SET = utf8 COLLATE = utf8_general_ci ROW_FORMAT = Compact;

-- ----------------------------
-- Records of oauth_access_token
-- ----------------------------

-- ----------------------------
-- Table structure for oauth_approvals
-- ----------------------------
DROP TABLE IF EXISTS `oauth_approvals`;
CREATE TABLE `oauth_approvals`  (
  `userId` varchar(256) CHARACTER SET utf8 COLLATE utf8_general_ci NULL DEFAULT NULL,
  `clientId` varchar(256) CHARACTER SET utf8 COLLATE utf8_general_ci NULL DEFAULT NULL,
  `scope` varchar(256) CHARACTER SET utf8 COLLATE utf8_general_ci NULL DEFAULT NULL,
  `status` varchar(10) CHARACTER SET utf8 COLLATE utf8_general_ci NULL DEFAULT NULL,
  `expiresAt` datetime(0) NULL DEFAULT NULL,
  `lastModifiedAt` datetime(0) NULL DEFAULT NULL
) ENGINE = InnoDB CHARACTER SET = utf8 COLLATE = utf8_general_ci ROW_FORMAT = Compact;

-- ----------------------------
-- Records of oauth_approvals
-- ----------------------------

-- ----------------------------
-- Table structure for oauth_client_details
-- ----------------------------
DROP TABLE IF EXISTS `oauth_client_details`;
CREATE TABLE `oauth_client_details`  (
  `client_id` varchar(255) CHARACTER SET utf8 COLLATE utf8_general_ci NOT NULL COMMENT '客户端标识',
  `resource_ids` varchar(255) CHARACTER SET utf8 COLLATE utf8_general_ci NULL DEFAULT NULL COMMENT '接入资源列表',
  `client_secret` varchar(255) CHARACTER SET utf8 COLLATE utf8_general_ci NULL DEFAULT NULL COMMENT '客户端秘钥',
  `scope` varchar(255) CHARACTER SET utf8 COLLATE utf8_general_ci NULL DEFAULT NULL COMMENT '授权范围标识',
  `authorized_grant_types` varchar(255) CHARACTER SET utf8 COLLATE utf8_general_ci NULL DEFAULT NULL COMMENT '授权类型 \r\n1.授权码模式 值：AUTHORIZATION_CODE\r\n2. 简化模式 值： null\r\n3.密码模式  值：password\r\n4.客户端模式 值: client_credentials',
  `web_server_redirect_uri` varchar(255) CHARACTER SET utf8 COLLATE utf8_general_ci NULL DEFAULT NULL COMMENT '授权成功后的重定向地址',
  `authorities` varchar(255) CHARACTER SET utf8 COLLATE utf8_general_ci NULL DEFAULT NULL COMMENT '权限',
  `access_token_validity` int(11) NULL DEFAULT NULL COMMENT 'token有效时间',
  `refresh_token_validity` int(11) NULL DEFAULT NULL COMMENT '刷新token的有效时间',
  `additional_information` longtext CHARACTER SET utf8 COLLATE utf8_general_ci NULL COMMENT '附件信息',
  `create_time` timestamp(0) NOT NULL DEFAULT CURRENT_TIMESTAMP(0) ON UPDATE CURRENT_TIMESTAMP(0) COMMENT '创建时间',
  `archived` tinyint(4) NULL DEFAULT NULL COMMENT '存档',
  `trusted` tinyint(4) NULL DEFAULT NULL,
  `autoapprove` varchar(255) CHARACTER SET utf8 COLLATE utf8_general_ci NULL DEFAULT NULL,
  PRIMARY KEY (`client_id`) USING BTREE
) ENGINE = InnoDB CHARACTER SET = utf8 COLLATE = utf8_general_ci COMMENT = '接入客户端信息表' ROW_FORMAT = Compact;

-- ----------------------------
-- Records of oauth_client_details
-- ----------------------------
INSERT INTO `oauth_client_details` VALUES ('c1', 'res1', '$2a$10$1OTMIpLPNPEOTLL7fEPhC.PEl/4QUyUvjahQ0auLOi6wLHAkYd/22', 'ROLE_ADMIN,ROLE_USER,ROLE_API', 'authorization_code,password,client_credentials,implicit,refresh_token', 'http://www.baidu.com', NULL, NULL, NULL, NULL, '2023-03-29 21:43:07', NULL, NULL, NULL);

-- ----------------------------
-- Table structure for oauth_client_token
-- ----------------------------
DROP TABLE IF EXISTS `oauth_client_token`;
CREATE TABLE `oauth_client_token`  (
  `token_id` varchar(80) CHARACTER SET utf8 COLLATE utf8_general_ci NULL DEFAULT NULL,
  `token` blob NULL,
  `authentication_id` varchar(80) CHARACTER SET utf8 COLLATE utf8_general_ci NOT NULL,
  `user_name` varchar(256) CHARACTER SET utf8 COLLATE utf8_general_ci NULL DEFAULT NULL,
  `client_id` varchar(256) CHARACTER SET utf8 COLLATE utf8_general_ci NULL DEFAULT NULL,
  PRIMARY KEY (`authentication_id`) USING BTREE
) ENGINE = InnoDB CHARACTER SET = utf8 COLLATE = utf8_general_ci ROW_FORMAT = Compact;

-- ----------------------------
-- Records of oauth_client_token
-- ----------------------------

-- ----------------------------
-- Table structure for oauth_code
-- ----------------------------
DROP TABLE IF EXISTS `oauth_code`;
CREATE TABLE `oauth_code`  (
  `create_time` timestamp(0) NOT NULL DEFAULT CURRENT_TIMESTAMP(0) ON UPDATE CURRENT_TIMESTAMP(0),
  `code` varchar(255) CHARACTER SET utf8 COLLATE utf8_general_ci NOT NULL COMMENT '授权码',
  `authentication` blob NULL
) ENGINE = InnoDB CHARACTER SET = utf8 COLLATE = utf8_general_ci ROW_FORMAT = Compact;

-- ----------------------------
-- Records of oauth_code
-- ----------------------------
INSERT INTO `oauth_code` VALUES ('2023-03-30 11:27:30', 'YKNI7A', 0xACED0005737200416F72672E737072696E676672616D65776F726B2E73656375726974792E6F61757468322E70726F76696465722E4F417574683241757468656E7469636174696F6EBD400B02166252130200024C000D73746F7265645265717565737474003C4C6F72672F737072696E676672616D65776F726B2F73656375726974792F6F61757468322F70726F76696465722F4F4175746832526571756573743B4C00127573657241757468656E7469636174696F6E7400324C6F72672F737072696E676672616D65776F726B2F73656375726974792F636F72652F41757468656E7469636174696F6E3B787200476F72672E737072696E676672616D65776F726B2E73656375726974792E61757468656E7469636174696F6E2E416273747261637441757468656E7469636174696F6E546F6B656ED3AA287E6E47640E0200035A000D61757468656E746963617465644C000B617574686F7269746965737400164C6A6176612F7574696C2F436F6C6C656374696F6E3B4C000764657461696C737400124C6A6176612F6C616E672F4F626A6563743B787000737200266A6176612E7574696C2E436F6C6C656374696F6E7324556E6D6F6469666961626C654C697374FC0F2531B5EC8E100200014C00046C6973747400104C6A6176612F7574696C2F4C6973743B7872002C6A6176612E7574696C2E436F6C6C656374696F6E7324556E6D6F6469666961626C65436F6C6C656374696F6E19420080CB5EF71E0200014C00016371007E00047870737200136A6176612E7574696C2E41727261794C6973747881D21D99C7619D03000149000473697A65787000000001770400000001737200426F72672E737072696E676672616D65776F726B2E73656375726974792E636F72652E617574686F726974792E53696D706C654772616E746564417574686F7269747900000000000001FE0200014C0004726F6C657400124C6A6176612F6C616E672F537472696E673B787074000270317871007E000C707372003A6F72672E737072696E676672616D65776F726B2E73656375726974792E6F61757468322E70726F76696465722E4F41757468325265717565737400000000000000010200075A0008617070726F7665644C000B617574686F72697469657371007E00044C000A657874656E73696F6E7374000F4C6A6176612F7574696C2F4D61703B4C000B726564697265637455726971007E000E4C00077265667265736874003B4C6F72672F737072696E676672616D65776F726B2F73656375726974792F6F61757468322F70726F76696465722F546F6B656E526571756573743B4C000B7265736F7572636549647374000F4C6A6176612F7574696C2F5365743B4C000D726573706F6E7365547970657371007E0014787200386F72672E737072696E676672616D65776F726B2E73656375726974792E6F61757468322E70726F76696465722E426173655265717565737436287A3EA37169BD0200034C0008636C69656E74496471007E000E4C001172657175657374506172616D657465727371007E00124C000573636F706571007E001478707400026331737200256A6176612E7574696C2E436F6C6C656374696F6E7324556E6D6F6469666961626C654D6170F1A5A8FE74F507420200014C00016D71007E00127870737200116A6176612E7574696C2E486173684D61700507DAC1C31660D103000246000A6C6F6164466163746F724900097468726573686F6C6478703F400000000000067708000000080000000474000D726573706F6E73655F74797065740004636F646574000C72656469726563745F757269740014687474703A2F2F7777772E62616964752E636F6D740009636C69656E745F696471007E001774000573636F706574000A524F4C455F41444D494E78737200256A6176612E7574696C2E436F6C6C656374696F6E7324556E6D6F6469666961626C65536574801D92D18F9B80550200007871007E0009737200176A6176612E7574696C2E4C696E6B656448617368536574D86CD75A95DD2A1E020000787200116A6176612E7574696C2E48617368536574BA44859596B8B7340300007870770C000000103F4000000000000171007E002278017371007E0026770C000000103F40000000000000787371007E001A3F400000000000007708000000100000000078740014687474703A2F2F7777772E62616964752E636F6D707371007E0026770C000000103F4000000000000174000472657331787371007E0026770C000000103F4000000000000171007E001D787372004F6F72672E737072696E676672616D65776F726B2E73656375726974792E61757468656E7469636174696F6E2E557365726E616D6550617373776F726441757468656E7469636174696F6E546F6B656E00000000000001FE0200024C000B63726564656E7469616C7371007E00054C00097072696E636970616C71007E00057871007E0003017371007E00077371007E000B0000000177040000000171007E000F7871007E0031737200486F72672E737072696E676672616D65776F726B2E73656375726974792E7765622E61757468656E7469636174696F6E2E57656241757468656E7469636174696F6E44657461696C7300000000000001FE0200024C000D72656D6F74654164647265737371007E000E4C000973657373696F6E496471007E000E787074000F303A303A303A303A303A303A303A31740020444530383646363141343043413633363944383635453742443633333536353470737200326F72672E737072696E676672616D65776F726B2E73656375726974792E636F72652E7573657264657461696C732E5573657200000000000001FE0200075A00116163636F756E744E6F6E457870697265645A00106163636F756E744E6F6E4C6F636B65645A001563726564656E7469616C734E6F6E457870697265645A0007656E61626C65644C000B617574686F72697469657371007E00144C000870617373776F726471007E000E4C0008757365726E616D6571007E000E7870010101017371007E0023737200116A6176612E7574696C2E54726565536574DD98509395ED875B0300007870737200466F72672E737072696E676672616D65776F726B2E73656375726974792E636F72652E7573657264657461696C732E5573657224417574686F72697479436F6D70617261746F7200000000000001FE020000787077040000000171007E000F787074000663686576616C);

-- ----------------------------
-- Table structure for oauth_refresh_token
-- ----------------------------
DROP TABLE IF EXISTS `oauth_refresh_token`;
CREATE TABLE `oauth_refresh_token`  (
  `token_id` varchar(256) CHARACTER SET utf8 COLLATE utf8_general_ci NULL DEFAULT NULL,
  `token` blob NULL,
  `authentication` blob NULL
) ENGINE = InnoDB CHARACTER SET = utf8 COLLATE = utf8_general_ci ROW_FORMAT = Compact;

-- ----------------------------
-- Records of oauth_refresh_token
-- ----------------------------

-- ----------------------------
-- Table structure for oms_order
-- ----------------------------
DROP TABLE IF EXISTS `oms_order`;
CREATE TABLE `oms_order`  (
  `id` int(11) NOT NULL AUTO_INCREMENT,
  `order_code` varchar(80) CHARACTER SET utf8 COLLATE utf8_general_ci NOT NULL COMMENT '订单编号  唯一',
  `is_validity` tinyint(1) NOT NULL DEFAULT 1 COMMENT '逻辑删除字段 1 ： 未删除  0：已删除 ',
  `product_code` varchar(50) CHARACTER SET utf8 COLLATE utf8_general_ci NULL DEFAULT NULL COMMENT '商品id',
  `user_id` int(11) NULL DEFAULT NULL COMMENT '购买者id',
  `status` int(11) NULL DEFAULT NULL COMMENT '订单状态 0: 未支付 1: 已支付 2:已取消',
  `amount` decimal(10, 0) NULL DEFAULT NULL COMMENT '实付金额',
  `create_time` timestamp(0) NULL DEFAULT NULL COMMENT '创建日期',
  `pay_time` timestamp(0) NULL DEFAULT NULL COMMENT '支付时间',
  `count` int(11) NULL DEFAULT NULL COMMENT '购买件数',
  PRIMARY KEY (`id`) USING BTREE
) ENGINE = InnoDB AUTO_INCREMENT = 106 CHARACTER SET = utf8 COLLATE = utf8_general_ci ROW_FORMAT = Dynamic;

-- ----------------------------
-- Records of oms_order
-- ----------------------------
INSERT INTO `oms_order` VALUES (56, '7563466407875182603', 1, '10000000001', 1, 0, 30, '2023-04-06 11:48:19', NULL, 2);
INSERT INTO `oms_order` VALUES (62, '7563596803082289164', 1, '10000000001', 1, 0, 40, '2023-04-06 11:50:57', NULL, 2);
INSERT INTO `oms_order` VALUES (63, '7564380853657141261', 1, '10000000001', 1, 0, 40, '2023-04-06 11:51:51', NULL, 2);
INSERT INTO `oms_order` VALUES (64, '7564852651519639566', 1, '10000000001', 1, 0, 40, '2023-04-06 11:53:41', NULL, 2);
INSERT INTO `oms_order` VALUES (66, '7565249545152495631', 1, '10000000001', 1, 0, 40, '2023-04-06 11:57:38', NULL, 2);
INSERT INTO `oms_order` VALUES (67, '7585569817113919504', 1, '10000000001', 1, 0, 40, '2023-04-06 13:14:05', NULL, 2);
INSERT INTO `oms_order` VALUES (103, '7592983261379297300', 1, '10000000001', 1, 0, 30, '2023-04-06 13:52:05', NULL, 2);
INSERT INTO `oms_order` VALUES (104, '7592500863537512467', 1, '10000000001', 1, 0, 40, '2023-04-06 13:52:10', NULL, 2);
INSERT INTO `oms_order` VALUES (105, '7597843918817853461', 1, '10000000001', 1, 0, 40, '2023-04-06 14:01:43', NULL, 2);
INSERT INTO `oms_order` VALUES (106, '7895474238918754305', 1, '10000000001', 1, 0, 30, '2023-04-07 09:16:40', NULL, 2);

-- ----------------------------
-- Table structure for pms_product
-- ----------------------------
DROP TABLE IF EXISTS `pms_product`;
CREATE TABLE `pms_product`  (
  `product_id` int(11) NOT NULL AUTO_INCREMENT,
  `code` varchar(100) CHARACTER SET utf8 COLLATE utf8_general_ci NULL DEFAULT NULL COMMENT '商品编码',
  `name` varchar(100) CHARACTER SET utf8 COLLATE utf8_general_ci NULL DEFAULT NULL COMMENT '商品名称',
  `store` int(11) NOT NULL DEFAULT 0 COMMENT '库存',
  `locked_store` int(11) NOT NULL DEFAULT 0 COMMENT '被锁定的库存数',
  `create_time` timestamp(0) NULL DEFAULT NULL,
  `create_user_id` int(11) NULL DEFAULT NULL,
  `update_time` timestamp(0) NULL DEFAULT NULL,
  `is_up` tinyint(1) NOT NULL DEFAULT 0 COMMENT '是否上架 1上架 0下架',
  `price` decimal(10, 2) NULL DEFAULT NULL,
  PRIMARY KEY (`product_id`) USING BTREE
) ENGINE = InnoDB AUTO_INCREMENT = 1 CHARACTER SET = utf8 COLLATE = utf8_general_ci ROW_FORMAT = Compact;

-- ----------------------------
-- Records of pms_product
-- ----------------------------
INSERT INTO `pms_product` VALUES (1, '10000000001', 'A型口罩', 99, 13, '2023-03-30 16:35:13', NULL, '2023-03-30 16:35:20', 1, 20.00);

-- ----------------------------
-- Table structure for pms_user_voucher
-- ----------------------------
DROP TABLE IF EXISTS `pms_user_voucher`;
CREATE TABLE `pms_user_voucher`  (
  `id` bigint(20) NOT NULL AUTO_INCREMENT,
  `user_id` int(11) NULL DEFAULT NULL,
  `voucher_id` int(11) NULL DEFAULT NULL,
  `product_id` int(11) NULL DEFAULT NULL,
  PRIMARY KEY (`id`) USING BTREE
) ENGINE = InnoDB CHARACTER SET = utf8 COLLATE = utf8_general_ci ROW_FORMAT = Compact;

-- ----------------------------
-- Records of pms_user_voucher
-- ----------------------------

-- ----------------------------
-- Table structure for pms_voucher
-- ----------------------------
DROP TABLE IF EXISTS `pms_voucher`;
CREATE TABLE `pms_voucher`  (
  `voucher_id` int(11) NOT NULL AUTO_INCREMENT,
  `title` varchar(255) CHARACTER SET utf8 COLLATE utf8_general_ci NULL DEFAULT NULL COMMENT '优惠券标题',
  `product_id` int(11) NULL DEFAULT NULL COMMENT '优惠券所属商品',
  `create_user_id` int(11) NULL DEFAULT NULL COMMENT '所属用户、创建人',
  `store` int(11) NULL DEFAULT NULL,
  `create_time` timestamp(0) NULL DEFAULT NULL,
  `update_time` timestamp(0) NULL DEFAULT NULL,
  `starter_time` timestamp(0) NULL DEFAULT NULL COMMENT '活动开始时间',
  `end_time` timestamp(0) NULL DEFAULT NULL COMMENT '活动结束时间',
  `amount` decimal(10, 0) NULL DEFAULT NULL COMMENT '优惠金额',
  `discount_floor` decimal(10, 0) NULL DEFAULT NULL COMMENT '优惠下限条件',
  `discount_up` decimal(10, 0) NULL DEFAULT NULL COMMENT '优惠上限条件',
  PRIMARY KEY (`voucher_id`) USING BTREE
) ENGINE = InnoDB AUTO_INCREMENT = 1 CHARACTER SET = utf8 COLLATE = utf8_general_ci ROW_FORMAT = Compact;

-- ----------------------------
-- Records of pms_voucher
-- ----------------------------
INSERT INTO `pms_voucher` VALUES (1, '满30减10', 1, NULL, 99, NULL, NULL, NULL, NULL, 10, 30, NULL);

-- ----------------------------
-- Table structure for spring_session
-- ----------------------------
DROP TABLE IF EXISTS `spring_session`;
CREATE TABLE `spring_session`  (
  `PRIMARY_ID` char(36) CHARACTER SET utf8 COLLATE utf8_general_ci NOT NULL,
  `SESSION_ID` char(36) CHARACTER SET utf8 COLLATE utf8_general_ci NOT NULL,
  `CREATION_TIME` bigint(20) NOT NULL,
  `LAST_ACCESS_TIME` bigint(20) NOT NULL,
  `MAX_INACTIVE_INTERVAL` int(11) NOT NULL,
  `EXPIRY_TIME` bigint(20) NOT NULL,
  `PRINCIPAL_NAME` varchar(100) CHARACTER SET utf8 COLLATE utf8_general_ci NULL DEFAULT NULL,
  PRIMARY KEY (`PRIMARY_ID`) USING BTREE,
  UNIQUE INDEX `SPRING_SESSION_IX1`(`SESSION_ID`) USING BTREE,
  INDEX `SPRING_SESSION_IX2`(`EXPIRY_TIME`) USING BTREE,
  INDEX `SPRING_SESSION_IX3`(`PRINCIPAL_NAME`) USING BTREE
) ENGINE = InnoDB CHARACTER SET = utf8 COLLATE = utf8_general_ci ROW_FORMAT = Compact;

-- ----------------------------
-- Records of spring_session
-- ----------------------------

-- ----------------------------
-- Table structure for spring_session_attributes
-- ----------------------------
DROP TABLE IF EXISTS `spring_session_attributes`;
CREATE TABLE `spring_session_attributes`  (
  `SESSION_PRIMARY_ID` char(36) CHARACTER SET utf8 COLLATE utf8_general_ci NOT NULL,
  `ATTRIBUTE_NAME` varchar(200) CHARACTER SET utf8 COLLATE utf8_general_ci NOT NULL,
  `ATTRIBUTE_BYTES` blob NOT NULL,
  PRIMARY KEY (`SESSION_PRIMARY_ID`, `ATTRIBUTE_NAME`) USING BTREE,
  INDEX `SPRING_SESSION_ATTRIBUTES_IX1`(`SESSION_PRIMARY_ID`) USING BTREE,
  CONSTRAINT `SPRING_SESSION_ATTRIBUTES_FK` FOREIGN KEY (`SESSION_PRIMARY_ID`) REFERENCES `spring_session` (`primary_id`) ON DELETE CASCADE ON UPDATE RESTRICT
) ENGINE = InnoDB CHARACTER SET = utf8 COLLATE = utf8_general_ci ROW_FORMAT = Compact;

-- ----------------------------
-- Records of spring_session_attributes
-- ----------------------------

-- ----------------------------
-- Table structure for sys_dict_data
-- ----------------------------
DROP TABLE IF EXISTS `sys_dict_data`;
CREATE TABLE `sys_dict_data`  (
  `id` int(11) NOT NULL AUTO_INCREMENT,
  `dict_label` varchar(100) CHARACTER SET utf8 COLLATE utf8_general_ci NULL DEFAULT NULL COMMENT '字典标签',
  `dict_value` varchar(100) CHARACTER SET utf8 COLLATE utf8_general_ci NULL DEFAULT NULL COMMENT '字典值',
  `dict_type_id` int(11) NULL DEFAULT NULL COMMENT '字典类型',
  `is_default` tinyint(1) NULL DEFAULT NULL COMMENT '是否默认值 1 是 0 否',
  `order_num` int(11) NULL DEFAULT NULL COMMENT '排序 值越小，越靠前',
  `status` tinyint(1) NULL DEFAULT 1 COMMENT '状态 1 启用 0 禁用',
  `css_class` varchar(50) CHARACTER SET utf8 COLLATE utf8_general_ci NULL DEFAULT NULL COMMENT '样式属性 （其他样式扩展）',
  `list_class` varchar(50) CHARACTER SET utf8 COLLATE utf8_general_ci NULL DEFAULT NULL COMMENT '表格回显样式',
  `create_user_id` int(11) NULL DEFAULT NULL COMMENT '创建者 ',
  `create_time` datetime(0) NULL DEFAULT NULL COMMENT '创建时间',
  `update_user_id` int(11) NULL DEFAULT NULL COMMENT '更新者',
  `update_time` datetime(0) NULL DEFAULT NULL COMMENT '更新时间',
  `remark` varchar(255) CHARACTER SET utf8 COLLATE utf8_general_ci NULL DEFAULT NULL COMMENT '备注',
  PRIMARY KEY (`id`) USING BTREE
) ENGINE = InnoDB AUTO_INCREMENT = 32 CHARACTER SET = utf8 COLLATE = utf8_general_ci ROW_FORMAT = Dynamic;

-- ----------------------------
-- Records of sys_dict_data
-- ----------------------------
INSERT INTO `sys_dict_data` VALUES (1, '男', '1', 1, 1, 1, 1, NULL, NULL, 1, '2023-07-17 10:34:52', 1, '2023-07-17 10:34:55', NULL);
INSERT INTO `sys_dict_data` VALUES (2, '女', '2', 1, 0, 2, 1, NULL, NULL, 1, '2023-07-17 10:35:31', 1, '2023-07-17 10:35:35', NULL);
INSERT INTO `sys_dict_data` VALUES (3, '未知', '0', 1, 0, 3, 0, NULL, NULL, 1, '2023-07-17 10:36:06', 1, '2023-07-17 10:36:10', NULL);
INSERT INTO `sys_dict_data` VALUES (5, '是', 'true', 3, 0, 1, 1, NULL, NULL, 1, '2023-08-25 17:28:50', 1, '2023-08-25 17:28:57', NULL);
INSERT INTO `sys_dict_data` VALUES (6, '否', 'false', 3, 1, 2, 1, NULL, NULL, 1, '2023-08-25 17:28:53', 1, '2023-08-25 17:29:01', NULL);
INSERT INTO `sys_dict_data` VALUES (7, '目录', '0', 4, 1, 1, 1, NULL, NULL, 1, '2023-08-08 08:29:46', 1, '2023-08-08 08:29:50', NULL);
INSERT INTO `sys_dict_data` VALUES (8, '菜单', '1', 4, 0, 2, 1, NULL, NULL, 1, '2023-08-08 08:30:16', 1, '2023-08-08 08:30:20', NULL);
INSERT INTO `sys_dict_data` VALUES (9, '按钮', '2', 4, 0, 3, 1, NULL, NULL, 1, '2023-08-08 08:30:49', 1, '2023-08-08 08:30:54', NULL);
INSERT INTO `sys_dict_data` VALUES (10, '接口', '3', 4, 0, 4, 1, NULL, NULL, 1, '2023-08-08 08:31:18', 1, '2023-08-08 08:31:21', NULL);
INSERT INTO `sys_dict_data` VALUES (11, '是', 'true', 5, 0, 1, 1, NULL, NULL, 1, '2023-08-08 09:59:07', 1, '2023-08-08 09:59:11', NULL);
INSERT INTO `sys_dict_data` VALUES (12, '否', 'false', 5, 0, 2, 1, NULL, NULL, 1, '2023-08-08 09:59:31', 1, '2023-08-08 09:59:34', NULL);
INSERT INTO `sys_dict_data` VALUES (13, '启用', '1', 6, 0, 1, 1, NULL, NULL, 1, '2023-08-25 17:28:08', 1, '2023-08-25 17:28:11', NULL);
INSERT INTO `sys_dict_data` VALUES (14, '禁用', '0', 6, 0, 1, 1, NULL, NULL, 1, '2023-08-25 17:28:43', 1, '2023-08-25 17:29:03', NULL);
INSERT INTO `sys_dict_data` VALUES (29, 'INPUT', '0', 18, 0, 0, 1, NULL, NULL, 1, '2023-10-07 16:44:48', 1, '2023-10-07 16:44:48', '');
INSERT INTO `sys_dict_data` VALUES (30, 'SELECT', '1', 18, 0, 0, 1, NULL, NULL, 1, '2023-10-07 16:45:06', 1, '2023-10-07 16:45:06', '');
INSERT INTO `sys_dict_data` VALUES (31, 'DATEPICKER', '2', 18, 0, 0, 1, NULL, NULL, 1, '2023-10-07 16:45:29', 1, '2023-10-07 16:45:29', '');

-- ----------------------------
-- Table structure for sys_dict_type
-- ----------------------------
DROP TABLE IF EXISTS `sys_dict_type`;
CREATE TABLE `sys_dict_type`  (
  `id` int(11) NOT NULL AUTO_INCREMENT,
  `dict_name` varchar(100) CHARACTER SET utf8 COLLATE utf8_general_ci NULL DEFAULT NULL COMMENT '字典名称',
  `dict_type` varchar(100) CHARACTER SET utf8 COLLATE utf8_general_ci NOT NULL COMMENT '字典类型',
  `status` tinyint(1) NULL DEFAULT 1 COMMENT '状态 1 启用 0 禁用',
  `create_user_id` int(11) NULL DEFAULT NULL COMMENT '创建用户',
  `create_time` datetime(0) NULL DEFAULT NULL COMMENT '创建时间',
  `update_user_id` int(11) NULL DEFAULT NULL COMMENT '更新用户',
  `update_time` datetime(0) NULL DEFAULT NULL COMMENT '更新时间',
  `remark` varchar(255) CHARACTER SET utf8 COLLATE utf8_general_ci NULL DEFAULT NULL COMMENT '备注',
  PRIMARY KEY (`id`) USING BTREE,
  UNIQUE INDEX `id_index`(`id`) USING BTREE,
  UNIQUE INDEX `type_index`(`dict_type`) USING BTREE,
  INDEX `name_index`(`dict_name`) USING BTREE
) ENGINE = InnoDB AUTO_INCREMENT = 19 CHARACTER SET = utf8 COLLATE = utf8_general_ci ROW_FORMAT = Dynamic;

-- ----------------------------
-- Records of sys_dict_type
-- ----------------------------
INSERT INTO `sys_dict_type` VALUES (1, '通用性别', 'common_sex', 1, 1, '2023-07-17 10:33:47', 1, '2023-07-17 10:33:52', NULL);
INSERT INTO `sys_dict_type` VALUES (3, '是否是管理员', 'is_admin', 1, 1, '2023-08-08 09:57:56', 1, '2023-08-08 09:58:05', 'asdfsdsss');
INSERT INTO `sys_dict_type` VALUES (4, '系统菜单类型', 'sys_menu_type', 1, 1, '2023-08-08 08:27:22', 1, '2023-08-08 08:27:26', NULL);
INSERT INTO `sys_dict_type` VALUES (5, '通用是否', 'common_yes_no', 1, 1, '2023-08-08 09:57:52', 1, '2023-08-08 09:58:03', NULL);
INSERT INTO `sys_dict_type` VALUES (6, '通用状态', 'common_status', 1, 1, '2023-08-25 17:27:21', 1, '2023-08-25 17:27:23', NULL);
INSERT INTO `sys_dict_type` VALUES (18, 'form表单项类型', 'form_item_type', 1, 1, '2023-10-07 16:44:24', 1, '2023-10-07 16:44:24', '');

-- ----------------------------
-- Table structure for sys_log
-- ----------------------------
DROP TABLE IF EXISTS `sys_log`;
CREATE TABLE `sys_log`  (
  `id` bigint(20) NOT NULL AUTO_INCREMENT,
  `user` varchar(50) CHARACTER SET utf8 COLLATE utf8_general_ci NULL DEFAULT NULL COMMENT '操作用户',
  `ip` varchar(20) CHARACTER SET utf8 COLLATE utf8_general_ci NULL DEFAULT NULL COMMENT 'ip',
  `content` varchar(255) CHARACTER SET utf8 COLLATE utf8_general_ci NULL DEFAULT NULL COMMENT '操作内容',
  `param` json NULL COMMENT '参数',
  `option_time` datetime(0) NULL DEFAULT NULL COMMENT '操作时间',
  PRIMARY KEY (`id`) USING BTREE,
  UNIQUE INDEX `id_index`(`id`) USING BTREE,
  INDEX `user_index`(`user`) USING BTREE,
  INDEX `time_index`(`option_time`) USING BTREE
) ENGINE = InnoDB AUTO_INCREMENT = 139 CHARACTER SET = utf8 COLLATE = utf8_general_ci ROW_FORMAT = Dynamic;

-- ----------------------------
-- Records of sys_log
-- ----------------------------
INSERT INTO `sys_log` VALUES (60, 'admin', '0:0:0:0:0:0:0:1', '用户登录', '[{\"password\": \"123456\", \"username\": \"admin\"}]', '2023-11-01 15:38:55');
INSERT INTO `sys_log` VALUES (61, 'admin', '0:0:0:0:0:0:0:1', '用户登录', '[{\"password\": \"123456\", \"username\": \"admin\"}]', '2023-11-02 09:19:28');
INSERT INTO `sys_log` VALUES (62, 'admin', '0:0:0:0:0:0:0:1', '用户登录', '[{\"password\": \"123456\", \"username\": \"admin\"}]', '2023-11-03 09:29:13');
INSERT INTO `sys_log` VALUES (63, 'admin', '0:0:0:0:0:0:0:1', '用户登录', '[{\"password\": \"123456\", \"username\": \"admin\"}]', '2023-11-03 09:30:01');
INSERT INTO `sys_log` VALUES (64, 'admin', '0:0:0:0:0:0:0:1', '用户登录', '[{\"password\": \"123456\", \"username\": \"admin\"}]', '2023-11-03 09:30:08');
INSERT INTO `sys_log` VALUES (65, 'admin', '0:0:0:0:0:0:0:1', '用户登录', '[{\"password\": \"123456\", \"username\": \"admin\"}]', '2023-11-08 10:37:16');
INSERT INTO `sys_log` VALUES (66, 'admin', '0:0:0:0:0:0:0:1', '用户登录', '[{\"password\": \"123456\", \"username\": \"admin\"}]', '2023-11-08 10:37:22');
INSERT INTO `sys_log` VALUES (67, 'admin', '0:0:0:0:0:0:0:1', '用户登录', '[{\"password\": \"123456\", \"username\": \"admin\"}]', '2023-11-14 10:53:32');
INSERT INTO `sys_log` VALUES (68, 'admin', '0:0:0:0:0:0:0:1', '用户登录', '[{\"password\": \"123456\", \"username\": \"admin\"}]', '2023-11-14 10:53:40');
INSERT INTO `sys_log` VALUES (69, 'admin', '0:0:0:0:0:0:0:1', '用户登录', '[{\"password\": \"123456\", \"username\": \"admin\"}]', '2023-11-14 11:07:47');
INSERT INTO `sys_log` VALUES (70, 'admin', '0:0:0:0:0:0:0:1', '删除用户', '[[12]]', '2023-11-14 14:31:35');
INSERT INTO `sys_log` VALUES (71, 'admin', '0:0:0:0:0:0:0:1', '删除用户角色', '[2, 4]', '2023-11-14 15:56:21');
INSERT INTO `sys_log` VALUES (72, 'admin', '0:0:0:0:0:0:0:1', '添加用户角色', '[6, [3]]', '2023-11-14 15:56:53');
INSERT INTO `sys_log` VALUES (73, 'admin', '0:0:0:0:0:0:0:1', '添加用户角色', '[7, [3]]', '2023-11-14 15:57:12');
INSERT INTO `sys_log` VALUES (74, 'admin', '0:0:0:0:0:0:0:1', '添加用户角色', '[7, [4]]', '2023-11-14 16:06:26');
INSERT INTO `sys_log` VALUES (75, 'admin', '0:0:0:0:0:0:0:1', '添加用户角色', '[7, [4]]', '2023-11-14 15:59:04');
INSERT INTO `sys_log` VALUES (76, 'admin', '0:0:0:0:0:0:0:1', '删除用户角色', '[2, 3]', '2023-11-14 16:29:10');
INSERT INTO `sys_log` VALUES (77, 'test', '0:0:0:0:0:0:0:1', '用户登录', '[{\"password\": \"123456\", \"username\": \"test\"}]', '2023-11-14 16:30:20');
INSERT INTO `sys_log` VALUES (78, 'test', '0:0:0:0:0:0:0:1', '用户登录', '[{\"password\": \"123456\", \"username\": \"test\"}]', '2023-11-14 16:31:05');
INSERT INTO `sys_log` VALUES (79, 'test', '0:0:0:0:0:0:0:1', '用户登录', '[{\"password\": \"123456\", \"username\": \"test\"}]', '2023-11-14 16:31:09');
INSERT INTO `sys_log` VALUES (80, 'test', '0:0:0:0:0:0:0:1', '用户登录', '[{\"password\": \"123456\", \"username\": \"test\"}]', '2023-11-14 16:35:16');
INSERT INTO `sys_log` VALUES (81, 'test', '0:0:0:0:0:0:0:1', '用户登录', '[{\"password\": \"123456\", \"username\": \"test\"}]', '2023-11-14 16:37:09');
INSERT INTO `sys_log` VALUES (82, 'test', '0:0:0:0:0:0:0:1', '用户登录', '[{\"password\": \"123456\", \"username\": \"test\"}]', '2023-11-14 16:41:05');
INSERT INTO `sys_log` VALUES (83, 'test', '0:0:0:0:0:0:0:1', '用户登录', '[{\"password\": \"123456\", \"username\": \"test\"}]', '2023-11-14 16:42:38');
INSERT INTO `sys_log` VALUES (84, 'test', '0:0:0:0:0:0:0:1', '用户登录', '[{\"password\": \"123456\", \"username\": \"test\"}]', '2023-11-14 16:44:22');
INSERT INTO `sys_log` VALUES (85, 'test', '0:0:0:0:0:0:0:1', '用户登录', '[{\"password\": \"123456\", \"username\": \"test\"}]', '2023-11-14 16:45:08');
INSERT INTO `sys_log` VALUES (86, 'test', '0:0:0:0:0:0:0:1', '用户登录', '[{\"password\": \"123456\", \"username\": \"test\"}]', '2023-11-14 16:54:52');
INSERT INTO `sys_log` VALUES (87, 'test', '0:0:0:0:0:0:0:1', '用户登录', '[{\"password\": \"123456\", \"username\": \"test\"}]', '2023-11-14 16:57:23');
INSERT INTO `sys_log` VALUES (88, 'test', '0:0:0:0:0:0:0:1', '用户登录', '[{\"password\": \"123456\", \"username\": \"test\"}]', '2023-11-14 17:17:38');
INSERT INTO `sys_log` VALUES (89, 'test', '0:0:0:0:0:0:0:1', '用户登录', '[{\"password\": \"123456\", \"username\": \"test\"}]', '2023-11-14 17:19:28');
INSERT INTO `sys_log` VALUES (90, 'test', '0:0:0:0:0:0:0:1', '用户登录', '[{\"password\": \"123456\", \"username\": \"test\"}]', '2023-11-14 17:26:39');
INSERT INTO `sys_log` VALUES (91, 'test', '0:0:0:0:0:0:0:1', '用户登录', '[{\"password\": \"123456\", \"username\": \"test\"}]', '2023-11-14 17:27:55');
INSERT INTO `sys_log` VALUES (92, 'test', '0:0:0:0:0:0:0:1', '用户登录', '[{\"password\": \"123456\", \"username\": \"test\"}]', '2023-11-14 17:28:43');
INSERT INTO `sys_log` VALUES (93, 'test', '0:0:0:0:0:0:0:1', '用户登录', '[{\"password\": \"123456\", \"username\": \"test\"}]', '2023-11-15 09:39:25');
INSERT INTO `sys_log` VALUES (94, 'test', '0:0:0:0:0:0:0:1', '用户登录', '[{\"password\": \"123456\", \"username\": \"test\"}]', '2023-11-15 09:41:17');
INSERT INTO `sys_log` VALUES (95, 'test', '0:0:0:0:0:0:0:1', '用户登录', '[{\"password\": \"123456\", \"username\": \"test\"}]', '2023-11-15 09:45:19');
INSERT INTO `sys_log` VALUES (96, 'test', '0:0:0:0:0:0:0:1', '用户登录', '[{\"password\": \"123456\", \"username\": \"test\"}]', '2023-11-15 09:47:09');
INSERT INTO `sys_log` VALUES (97, 'test', '0:0:0:0:0:0:0:1', '用户登录', '[{\"password\": \"123456\", \"username\": \"test\"}]', '2023-11-15 10:02:06');
INSERT INTO `sys_log` VALUES (98, 'test', '0:0:0:0:0:0:0:1', '用户登录', '[{\"password\": \"123456\", \"username\": \"test\"}]', '2023-11-15 10:03:56');
INSERT INTO `sys_log` VALUES (99, 'test', '0:0:0:0:0:0:0:1', '用户登录', '[{\"password\": \"123456\", \"username\": \"test\"}]', '2023-11-15 10:06:33');
INSERT INTO `sys_log` VALUES (100, 'test', '0:0:0:0:0:0:0:1', '用户登录', '[{\"password\": \"123456\", \"username\": \"test\"}]', '2023-11-15 10:11:52');
INSERT INTO `sys_log` VALUES (101, 'test', '0:0:0:0:0:0:0:1', '用户登录', '[{\"password\": \"123456\", \"username\": \"test\"}]', '2023-11-15 10:16:44');
INSERT INTO `sys_log` VALUES (102, 'admin', '0:0:0:0:0:0:0:1', '用户登录', '[{\"password\": \"123456\", \"username\": \"admin\"}]', '2023-11-15 10:43:55');
INSERT INTO `sys_log` VALUES (103, 'test', '0:0:0:0:0:0:0:1', '用户登录', '[{\"password\": \"123456\", \"username\": \"test\"}]', '2023-11-15 10:45:33');
INSERT INTO `sys_log` VALUES (104, 'test', '0:0:0:0:0:0:0:1', '用户登录', '[{\"password\": \"123456\", \"username\": \"test\"}]', '2023-11-15 10:51:05');
INSERT INTO `sys_log` VALUES (105, 'admin', '0:0:0:0:0:0:0:1', '用户登录', '[{\"password\": \"123456\", \"username\": \"admin\"}]', '2023-11-15 10:51:26');
INSERT INTO `sys_log` VALUES (106, 'admin', '0:0:0:0:0:0:0:1', '用户登录', '[{\"password\": \"123456\", \"username\": \"admin\"}]', '2023-11-15 10:53:13');
INSERT INTO `sys_log` VALUES (107, 'test', '0:0:0:0:0:0:0:1', '用户登录', '[{\"password\": \"123456\", \"username\": \"test\"}]', '2023-11-15 10:53:54');
INSERT INTO `sys_log` VALUES (108, 'test', '0:0:0:0:0:0:0:1', '用户登录', '[{\"password\": \"123456\", \"username\": \"test\"}]', '2023-11-15 10:54:38');
INSERT INTO `sys_log` VALUES (109, 'admin', '0:0:0:0:0:0:0:1', '用户登录', '[{\"password\": \"123456\", \"username\": \"admin\"}]', '2023-11-15 10:56:13');
INSERT INTO `sys_log` VALUES (110, 'test', '0:0:0:0:0:0:0:1', '用户登录', '[{\"password\": \"123456\", \"username\": \"test\"}]', '2023-11-15 10:57:30');
INSERT INTO `sys_log` VALUES (111, 'admin', '0:0:0:0:0:0:0:1', '用户登录', '[{\"password\": \"123456\", \"username\": \"admin\"}]', '2023-11-15 10:58:38');
INSERT INTO `sys_log` VALUES (112, 'admin', '0:0:0:0:0:0:0:1', '用户登录', '[{\"password\": \"123456\", \"username\": \"admin\"}]', '2023-11-15 11:05:15');
INSERT INTO `sys_log` VALUES (113, 'test', '0:0:0:0:0:0:0:1', '用户登录', '[{\"password\": \"123456\", \"username\": \"test\"}]', '2023-11-15 11:06:08');
INSERT INTO `sys_log` VALUES (114, 'admin', '0:0:0:0:0:0:0:1', '用户登录', '[{\"password\": \"123456\", \"username\": \"admin\"}]', '2023-11-15 11:24:09');
INSERT INTO `sys_log` VALUES (115, 'test', '0:0:0:0:0:0:0:1', '用户登录', '[{\"password\": \"123456\", \"username\": \"test\"}]', '2023-11-15 11:24:43');
INSERT INTO `sys_log` VALUES (116, 'admin', '0:0:0:0:0:0:0:1', '用户登录', '[{\"password\": \"123456\", \"username\": \"admin\"}]', '2023-11-15 11:26:18');
INSERT INTO `sys_log` VALUES (117, 'test', '0:0:0:0:0:0:0:1', '用户登录', '[{\"password\": \"123456\", \"username\": \"test\"}]', '2023-11-15 11:26:41');
INSERT INTO `sys_log` VALUES (118, 'test', '0:0:0:0:0:0:0:1', '用户登录', '[{\"password\": \"123456\", \"username\": \"test\"}]', '2023-11-15 11:27:06');
INSERT INTO `sys_log` VALUES (119, 'admin', '0:0:0:0:0:0:0:1', '用户登录', '[{\"password\": \"123456\", \"username\": \"admin\"}]', '2023-11-15 11:29:06');
INSERT INTO `sys_log` VALUES (120, 'admin', '0:0:0:0:0:0:0:1', '用户登录', '[{\"password\": \"123456\", \"username\": \"admin\"}]', '2023-11-15 11:30:11');
INSERT INTO `sys_log` VALUES (121, 'admin', '0:0:0:0:0:0:0:1', '用户登录', '[{\"password\": \"123456\", \"username\": \"admin\"}]', '2023-11-15 11:36:49');
INSERT INTO `sys_log` VALUES (122, 'test', '0:0:0:0:0:0:0:1', '用户登录', '[{\"password\": \"123456\", \"username\": \"test\"}]', '2023-11-15 11:37:26');
INSERT INTO `sys_log` VALUES (123, 'admin', '0:0:0:0:0:0:0:1', '用户登录', '[{\"password\": \"123456\", \"username\": \"admin\"}]', '2023-11-15 11:38:59');
INSERT INTO `sys_log` VALUES (124, 'test', '0:0:0:0:0:0:0:1', '用户登录', '[{\"password\": \"123456\", \"username\": \"test\"}]', '2023-11-15 12:19:18');
INSERT INTO `sys_log` VALUES (125, 'test', '0:0:0:0:0:0:0:1', '用户登录', '[{\"password\": \"123456\", \"username\": \"test\"}]', '2023-11-15 12:22:07');
INSERT INTO `sys_log` VALUES (126, 'admin', '0:0:0:0:0:0:0:1', '用户登录', '[{\"password\": \"123456\", \"username\": \"admin\"}]', '2023-11-15 12:22:56');
INSERT INTO `sys_log` VALUES (127, 'admin', '0:0:0:0:0:0:0:1', '用户登录', '[{\"password\": \"123456\", \"username\": \"admin\"}]', '2023-11-15 14:01:08');
INSERT INTO `sys_log` VALUES (128, 'admin', '0:0:0:0:0:0:0:1', '用户登录', '[{\"password\": \"123456\", \"username\": \"admin\"}]', '2023-11-15 14:02:46');
INSERT INTO `sys_log` VALUES (129, 'admin', '0:0:0:0:0:0:0:1', '用户登录', '[{\"password\": \"123456\", \"username\": \"admin\"}]', '2023-11-15 14:03:19');
INSERT INTO `sys_log` VALUES (130, 'admin', '0:0:0:0:0:0:0:1', '用户登录', '[{\"password\": \"123456\", \"username\": \"admin\"}]', '2023-11-15 14:12:07');
INSERT INTO `sys_log` VALUES (131, 'admin', '0:0:0:0:0:0:0:1', '用户登录', '[{\"password\": \"123456\", \"username\": \"admin\"}]', '2023-11-15 14:12:53');
INSERT INTO `sys_log` VALUES (132, 'admin', '0:0:0:0:0:0:0:1', '用户登录', '[{\"password\": \"123456\", \"username\": \"admin\"}]', '2023-11-16 08:55:36');
INSERT INTO `sys_log` VALUES (133, 'admin', '0:0:0:0:0:0:0:1', '用户登录', '[{\"password\": \"123456\", \"username\": \"admin\"}]', '2023-11-16 08:58:53');
INSERT INTO `sys_log` VALUES (134, 'admin', '0:0:0:0:0:0:0:1', '用户登录', '[{\"password\": \"123456\", \"username\": \"admin\"}]', '2023-11-16 09:06:57');
INSERT INTO `sys_log` VALUES (135, 'admin', '0:0:0:0:0:0:0:1', '用户登录', '[{\"password\": \"123456\", \"username\": \"admin\"}]', '2023-11-16 09:10:09');
INSERT INTO `sys_log` VALUES (136, 'admin', '0:0:0:0:0:0:0:1', '用户登录', '[{\"password\": \"123456\", \"username\": \"admin\"}]', '2023-11-16 09:26:57');
INSERT INTO `sys_log` VALUES (137, 'admin', '127.0.0.1', '用户登录', NULL, '2023-11-16 15:03:30');
INSERT INTO `sys_log` VALUES (138, 'test', '192.168.174.209', '用户登录', NULL, '2023-11-16 15:34:51');

-- ----------------------------
-- Table structure for sys_menu
-- ----------------------------
DROP TABLE IF EXISTS `sys_menu`;
CREATE TABLE `sys_menu`  (
  `menu_id` int(5) UNSIGNED ZEROFILL NOT NULL,
  `parent_id` int(5) UNSIGNED ZEROFILL NULL DEFAULT NULL COMMENT '父id       \r\n一级目录id为0',
  `name` varchar(50) CHARACTER SET utf8 COLLATE utf8_general_ci NULL DEFAULT NULL COMMENT '菜单名',
  `url` varchar(255) CHARACTER SET utf8 COLLATE utf8_general_ci NULL DEFAULT NULL COMMENT '资源访问url',
  `route_url` varchar(80) CHARACTER SET utf8 COLLATE utf8_general_ci NULL DEFAULT NULL COMMENT '前端路由url   如： /system-permission-role   \r\nsystem代表该组件在view目录下的第一级目录\r\npermission 代表二级目录\r\nrole 代表组件名称\r\n这样写是为了前端动态组建路由',
  `type` int(11) NOT NULL COMMENT '类型\r\n0： 目录 \r\n1： 菜单 \r\n2： 按钮  3：接口',
  `icon` varchar(50) CHARACTER SET utf8 COLLATE utf8_general_ci NULL DEFAULT NULL COMMENT '菜单图标',
  `order_num` int(11) NULL DEFAULT NULL COMMENT '排序      数值越大越靠前',
  `create_user_id` int(11) NULL DEFAULT NULL COMMENT '创建者id  空值代表系统初始化菜单',
  `create_time` timestamp(0) NULL DEFAULT NULL COMMENT '创建时间',
  `update_time` timestamp(0) NULL DEFAULT NULL COMMENT '更新时间',
  `permission` varchar(50) CHARACTER SET utf8 COLLATE utf8_general_ci NULL DEFAULT NULL COMMENT '权限标识符  如： system:permission:role:list\r\n\r\n这样标识权限而不是用资源url来标识是为了，更细粒度的控制权限。比如说，前端就可以写一个自定义指令或者其他，对按钮是否显示进行权限控制。',
  `enable` tinyint(1) NULL DEFAULT 0 COMMENT '是否启用 1: 启用  0: 禁用',
  `is_validate` tinyint(1) UNSIGNED ZEROFILL NULL DEFAULT 1 COMMENT '逻辑删除标识 1： 未删除  0： 已删除',
  `is_link` tinyint(1) NULL DEFAULT 0 COMMENT '是否外链 1 是 0否',
  PRIMARY KEY (`menu_id`) USING BTREE
) ENGINE = InnoDB CHARACTER SET = utf8 COLLATE = utf8_general_ci ROW_FORMAT = Compact;

-- ----------------------------
-- Records of sys_menu
-- ----------------------------
INSERT INTO `sys_menu` VALUES (00001, 00000, '接口', NULL, NULL, 3, NULL, NULL, 1, '2023-08-23 11:26:15', '2023-08-23 11:26:19', NULL, 1, 1, 0);
INSERT INTO `sys_menu` VALUES (00002, 00001, 'userinfo', '/api/admin/user/currentUser', NULL, 3, NULL, NULL, 1, '2023-06-07 10:05:43', '2023-06-07 10:05:45', NULL, 1, 1, 0);
INSERT INTO `sys_menu` VALUES (00003, 00001, 'order', '/api/order/order/down', NULL, 3, NULL, NULL, 1, '2023-06-07 10:05:48', '2023-06-07 10:05:50', NULL, 1, 1, 0);
INSERT INTO `sys_menu` VALUES (00004, 00001, 'kill', '/api/product/voucher/kill', NULL, 3, NULL, NULL, 1, '2023-06-07 10:05:55', '2023-06-07 10:05:53', NULL, 1, 1, 0);
INSERT INTO `sys_menu` VALUES (00005, 00001, 'test1', '/api/admin/test/test1', NULL, 3, NULL, NULL, 1, '2023-04-02 21:11:08', '2023-04-02 21:11:11', NULL, 1, 1, 0);
INSERT INTO `sys_menu` VALUES (00006, 00001, 'query_tree_menu', '/api/admin/menu/tree', NULL, 3, NULL, NULL, 1, '2023-06-07 10:06:00', '2023-06-07 10:06:02', NULL, 1, 1, 0);
INSERT INTO `sys_menu` VALUES (00007, 00001, 'loginuser-info', '/api/admin/user/logUser', NULL, 3, NULL, NULL, 1, '2023-06-07 10:06:04', '2023-06-07 10:06:06', NULL, 1, 1, 0);
INSERT INTO `sys_menu` VALUES (00008, 00001, 'test2', '/api/admin/test/test2', NULL, 3, NULL, NULL, 1, '2023-04-02 21:12:05', '2023-04-02 21:12:07', NULL, 1, 1, 0);
INSERT INTO `sys_menu` VALUES (10000, 00000, '系统管理', NULL, '', 0, 'el-icon-menu', 2, 1, '2023-04-28 11:42:33', '2023-04-28 11:42:36', NULL, 1, 1, 0);
INSERT INTO `sys_menu` VALUES (10100, 10000, '客户管理', NULL, '/customer-customer', 1, NULL, 1, 1, '2023-04-28 11:43:58', '2023-04-28 11:44:01', 'system:customer:list', 1, 1, 0);
INSERT INTO `sys_menu` VALUES (10102, 10100, '添加', '/api/admin/xwj0030/add', NULL, 2, NULL, NULL, 1, '2023-06-07 09:49:45', '2023-06-07 10:03:47', 'system:customer:add', 1, 1, 0);
INSERT INTO `sys_menu` VALUES (10103, 10100, '删除', '/api/admin/xwj0030/remove', NULL, 2, NULL, NULL, 1, '2023-06-07 10:03:39', '2023-06-07 10:03:51', 'system:customer:delete', 1, 1, 0);
INSERT INTO `sys_menu` VALUES (10104, 10100, '更新', '/api/admin/xwj0030/update', NULL, 2, NULL, NULL, 1, '2023-06-07 10:03:42', '2023-06-07 10:03:55', 'system:customer:update', 1, 1, 0);
INSERT INTO `sys_menu` VALUES (10200, 10000, '权限管理', NULL, '', 0, NULL, 2, 1, '2023-06-07 10:03:58', '2023-06-07 10:04:09', '', 1, 1, 0);
INSERT INTO `sys_menu` VALUES (10210, 10200, '用户管理', NULL, '/auth-user', 1, NULL, 3, 1, '2023-06-07 10:04:00', '2023-06-07 10:04:12', 'system:user:list', 1, 1, 0);
INSERT INTO `sys_menu` VALUES (10212, 10210, '添加', NULL, NULL, 2, NULL, NULL, 1, '2023-06-07 10:04:06', '2023-06-07 10:04:18', 'system:user:add', 1, 1, 0);
INSERT INTO `sys_menu` VALUES (10213, 10210, '删除', NULL, NULL, 2, NULL, NULL, 1, '2023-06-07 10:04:21', '2023-06-07 10:04:24', 'system:user:delete', 1, 1, 0);
INSERT INTO `sys_menu` VALUES (10214, 10210, '更新', NULL, NULL, 2, NULL, NULL, 1, '2023-06-07 10:04:26', '2023-06-07 10:04:29', 'system:user:update', 1, 1, 0);
INSERT INTO `sys_menu` VALUES (10240, 10200, '角色管理', NULL, '/auth-role', 1, NULL, 2, 1, '2023-06-07 10:04:31', '2023-06-07 10:04:34', 'system:role:list', 1, 1, 0);
INSERT INTO `sys_menu` VALUES (10241, 10240, '添加', NULL, NULL, 2, NULL, NULL, 1, '2023-06-07 10:04:37', '2023-06-07 10:04:39', 'system:role:add', 1, 1, 0);
INSERT INTO `sys_menu` VALUES (10243, 10240, '删除', NULL, NULL, 2, NULL, NULL, 1, '2023-06-07 10:04:51', '2023-06-07 10:04:48', 'system:role:delete', 1, 1, 0);
INSERT INTO `sys_menu` VALUES (10244, 10240, '更新', NULL, NULL, 2, NULL, NULL, 1, '2023-06-07 10:04:53', '2023-06-07 10:04:57', 'system:role:update', 1, 1, 0);
INSERT INTO `sys_menu` VALUES (10270, 10200, '菜单管理', NULL, '/auth-menu', 1, NULL, 1, 1, '2023-06-07 10:05:00', '2023-06-07 10:05:02', 'systen:menu:list', 1, 1, 0);
INSERT INTO `sys_menu` VALUES (10272, 10270, '添加', NULL, NULL, 2, NULL, NULL, 1, '2023-06-07 10:05:11', '2023-06-07 10:05:14', 'system:menu:add', 1, 1, 0);
INSERT INTO `sys_menu` VALUES (10273, 10270, '删除', NULL, NULL, 2, NULL, NULL, 1, '2023-06-07 10:05:19', '2023-06-07 10:05:22', 'system:menu:delete', 1, 1, 0);
INSERT INTO `sys_menu` VALUES (10274, 10270, '更新', NULL, NULL, 2, NULL, NULL, 1, '2023-06-07 10:05:24', '2023-06-07 10:05:27', 'system:menu:update', 1, 1, 0);
INSERT INTO `sys_menu` VALUES (10275, 10270, '加入白名单', NULL, NULL, 2, NULL, NULL, 1, '2023-06-07 10:05:32', '2023-06-07 10:05:36', 'system:menu:ignore', 1, 1, 0);
INSERT INTO `sys_menu` VALUES (10300, 10000, '系统工具', NULL, NULL, 0, NULL, 3, 1, '2023-08-03 09:14:00', '2023-08-03 09:14:02', NULL, 1, 1, 0);
INSERT INTO `sys_menu` VALUES (10330, 10300, '代码生成器', NULL, '/tool-gen', 1, NULL, 0, 1, '2023-08-03 09:17:37', '2023-08-03 09:17:40', 'system:gen:generator', 1, 1, 0);
INSERT INTO `sys_menu` VALUES (10360, 10300, '流程定义器', '', '/tool-processdefine', 1, '', 1, 1, '2023-08-10 11:50:29', '2023-08-10 11:50:29', 'system:tool:process', 1, 1, 0);
INSERT INTO `sys_menu` VALUES (10400, 10000, '字典管理', '', '/system-dict-dict', 1, '', 0, 1, '2023-08-25 11:32:16', '2023-08-25 11:32:16', 'system:dict:list', 1, 1, 0);
INSERT INTO `sys_menu` VALUES (10500, 10000, '任务管理', '', '/system-task-SysScheduled', 1, '', 7, 1, '2023-10-08 09:28:04', '2023-10-08 09:28:04', 'system:task:list', 1, 1, 0);
INSERT INTO `sys_menu` VALUES (12345, 10000, 'ceshi', '/api/test', '/test-tt', 1, '', 0, 1, '2023-08-09 17:19:07', '2023-08-09 17:19:07', 's:s:s', 1, NULL, 0);
INSERT INTO `sys_menu` VALUES (20000, 00000, '系统监控', NULL, '', 0, 'el-icon-s-platform', 1, 1, '2023-06-07 10:05:39', '2023-06-07 10:05:41', NULL, 1, 1, 0);
INSERT INTO `sys_menu` VALUES (20100, 20000, '系统日志', '', '/system-watch-log', 1, '', 0, 1, '2023-11-16 09:17:03', '2023-11-16 09:17:03', 'system:log:list', 1, 1, 0);
INSERT INTO `sys_menu` VALUES (20101, 20100, '添加', NULL, NULL, 2, NULL, 0, 1, '2023-11-16 09:29:41', '2023-11-16 09:29:48', 'system:log:add', 1, 1, 0);
INSERT INTO `sys_menu` VALUES (20102, 20100, '更新', NULL, NULL, 2, NULL, 0, 1, '2023-11-16 09:32:47', '2023-11-16 09:32:50', 'system:log:update', 1, 1, 0);
INSERT INTO `sys_menu` VALUES (20103, 20100, '删除', NULL, NULL, 2, NULL, 1, 1, '2023-11-16 09:33:44', '2023-11-16 09:33:47', 'system:log:delete', 1, 1, 0);
INSERT INTO `sys_menu` VALUES (25000, 00000, '关于系统', '', NULL, 0, 'el-icon-s-help', 0, 1, '2023-06-23 19:44:42', '2023-06-23 19:44:44', NULL, 1, 1, 0);
INSERT INTO `sys_menu` VALUES (25001, 25000, '接口文档', 'http://localhost:8083/doc.html', NULL, 1, NULL, 0, 1, '2023-06-23 21:25:02', '2023-06-23 21:25:05', NULL, 1, 1, 1);

-- ----------------------------
-- Table structure for sys_mq_log
-- ----------------------------
DROP TABLE IF EXISTS `sys_mq_log`;
CREATE TABLE `sys_mq_log`  (
  `msg_id` varchar(64) CHARACTER SET utf8 COLLATE utf8_general_ci NOT NULL COMMENT '消息id',
  `msg_body` varchar(500) CHARACTER SET utf8 COLLATE utf8_general_ci NULL DEFAULT NULL COMMENT '消息体',
  `status` int(11) NULL DEFAULT NULL COMMENT '状态（0:消息投递中 1:投递成功 2:投递失败）',
  `route_key` varchar(20) CHARACTER SET utf8 COLLATE utf8_general_ci NULL DEFAULT NULL COMMENT '路由键',
  `exchange` varchar(50) CHARACTER SET utf8 COLLATE utf8_general_ci NULL DEFAULT NULL COMMENT '交换机',
  `count` int(11) NULL DEFAULT NULL COMMENT '重试次数',
  `try_time` timestamp(0) NULL DEFAULT NULL COMMENT '重试时间',
  `create_time` timestamp(0) NULL DEFAULT NULL COMMENT '创建时间',
  `update_time` timestamp(0) NULL DEFAULT NULL COMMENT '更新时间',
  `module` varchar(30) CHARACTER SET utf8 COLLATE utf8_general_ci NULL DEFAULT NULL COMMENT '业务模块',
  PRIMARY KEY (`msg_id`) USING BTREE
) ENGINE = InnoDB CHARACTER SET = utf8 COLLATE = utf8_general_ci ROW_FORMAT = Dynamic;

-- ----------------------------
-- Records of sys_mq_log
-- ----------------------------
INSERT INTO `sys_mq_log` VALUES ('7561808202606575626', '{\"orderCode\":\"7561808202606575626\",\"productId\":1,\"userId\":1,\"count\":2}', 1, 'order.routing.key', 'order.exchange.direct', NULL, NULL, '2023-04-06 11:41:53', NULL, 'order');
INSERT INTO `sys_mq_log` VALUES ('7563466407875182603', '{\"orderCode\":\"7563466407875182603\",\"productId\":1,\"userId\":1,\"count\":2}', 1, 'order.routing.key', 'order.exchange.direct', NULL, NULL, '2023-04-06 11:48:19', NULL, 'order');
INSERT INTO `sys_mq_log` VALUES ('7563596803082289164', '{\"orderCode\":\"7563596803082289164\",\"productId\":1,\"userId\":1,\"count\":2}', 1, 'order.routing.key', 'order.exchange.direct', NULL, NULL, '2023-04-06 11:48:49', NULL, 'order');
INSERT INTO `sys_mq_log` VALUES ('7564380853657141261', '{\"orderCode\":\"7564380853657141261\",\"productId\":1,\"userId\":1,\"count\":2}', 1, 'order.routing.key', 'order.exchange.direct', NULL, NULL, '2023-04-06 11:51:51', NULL, 'order');
INSERT INTO `sys_mq_log` VALUES ('7564852651519639566', '{\"orderCode\":\"7564852651519639566\",\"productId\":1,\"userId\":1,\"count\":2}', 1, 'order.routing.key', 'order.exchange.direct', NULL, NULL, '2023-04-06 11:53:41', NULL, 'order');
INSERT INTO `sys_mq_log` VALUES ('7565249545152495631', '{\"orderCode\":\"7565249545152495631\",\"productId\":1,\"userId\":1,\"count\":2}', 1, 'order.routing.key', 'order.exchange.direct', NULL, NULL, '2023-04-06 11:55:14', NULL, 'order');
INSERT INTO `sys_mq_log` VALUES ('7585569817113919504', '{\"orderCode\":\"7585569817113919504\",\"productId\":1,\"userId\":1,\"count\":2}', 1, 'order.routing.key', 'order.exchange.direct', NULL, NULL, '2023-04-06 13:14:05', NULL, 'order');
INSERT INTO `sys_mq_log` VALUES ('7591556391639187473', '{\"orderCode\":\"7591556391639187473\",\"productId\":1,\"userId\":1,\"count\":2}', 1, 'order.routing.key', 'order.exchange.direct', NULL, NULL, '2023-04-06 13:37:19', NULL, 'order');
INSERT INTO `sys_mq_log` VALUES ('7591928086698917906', '{\"orderCode\":\"7591928086698917906\",\"productId\":1,\"userId\":1,\"count\":2}', 1, 'order.routing.key', 'order.exchange.direct', NULL, NULL, '2023-04-06 13:38:45', NULL, 'order');
INSERT INTO `sys_mq_log` VALUES ('7592500863537512467', '{\"orderCode\":\"7592500863537512467\",\"productId\":1,\"userId\":1,\"count\":2}', 1, 'order.routing.key', 'order.exchange.direct', NULL, NULL, '2023-04-06 13:40:59', NULL, 'order');
INSERT INTO `sys_mq_log` VALUES ('7592983261379297300', '{\"orderCode\":\"7592983261379297300\",\"productId\":1,\"userId\":1,\"count\":2}', 1, 'order.routing.key', 'order.exchange.direct', NULL, NULL, '2023-04-06 13:42:51', NULL, 'order');
INSERT INTO `sys_mq_log` VALUES ('7597843918817853461', '{\"orderCode\":\"7597843918817853461\",\"productId\":1,\"userId\":1,\"count\":2}', 1, 'order.routing.key', 'order.exchange.direct', NULL, NULL, '2023-04-06 14:01:43', NULL, 'order');
INSERT INTO `sys_mq_log` VALUES ('7895474238918754305', '{\"orderCode\":\"7895474238918754305\",\"productId\":1,\"userId\":1,\"count\":2}', 1, 'order.routing.key', 'order.exchange.direct', NULL, NULL, '2023-04-07 09:16:40', NULL, 'order');

-- ----------------------------
-- Table structure for sys_role
-- ----------------------------
DROP TABLE IF EXISTS `sys_role`;
CREATE TABLE `sys_role`  (
  `role_id` int(11) NOT NULL AUTO_INCREMENT,
  `role_code` varchar(30) CHARACTER SET utf8 COLLATE utf8_general_ci NULL DEFAULT NULL,
  `role_name` varchar(100) CHARACTER SET utf8 COLLATE utf8_general_ci NULL DEFAULT NULL COMMENT '角色名称',
  `remark` varchar(255) CHARACTER SET utf8 COLLATE utf8_general_ci NULL DEFAULT NULL COMMENT '备注',
  `create_user_id` int(11) NULL DEFAULT NULL COMMENT '创建者id',
  `create_time` timestamp(0) NULL DEFAULT NULL COMMENT '创建时间',
  `update_time` timestamp(0) NULL DEFAULT NULL COMMENT '更新时间',
  `status` tinyint(1) NOT NULL DEFAULT 1 COMMENT '是否禁用 1启用 0 禁用',
  PRIMARY KEY (`role_id`) USING BTREE
) ENGINE = InnoDB AUTO_INCREMENT = 5 CHARACTER SET = utf8 COLLATE = utf8_general_ci ROW_FORMAT = Compact;

-- ----------------------------
-- Records of sys_role
-- ----------------------------
INSERT INTO `sys_role` VALUES (1, 'sysadmin', '系统管理员', NULL, NULL, '2023-04-02 21:08:12', '2023-04-02 21:08:15', 1);
INSERT INTO `sys_role` VALUES (2, 'test', 'test', NULL, NULL, '2023-04-02 21:08:33', '2023-04-02 21:08:36', 1);
INSERT INTO `sys_role` VALUES (3, 'test1', 'test1', NULL, NULL, '2023-06-27 08:51:37', '2023-06-27 08:51:41', 1);
INSERT INTO `sys_role` VALUES (4, 'test2', 'test2', NULL, NULL, '2023-06-27 08:52:56', '2023-06-27 08:52:59', 1);

-- ----------------------------
-- Table structure for sys_role_menu
-- ----------------------------
DROP TABLE IF EXISTS `sys_role_menu`;
CREATE TABLE `sys_role_menu`  (
  `id` bigint(20) NOT NULL AUTO_INCREMENT,
  `role_id` int(11) NULL DEFAULT NULL,
  `menu_id` int(5) UNSIGNED ZEROFILL NULL DEFAULT NULL,
  PRIMARY KEY (`id`) USING BTREE
) ENGINE = InnoDB AUTO_INCREMENT = 56 CHARACTER SET = utf8 COLLATE = utf8_general_ci ROW_FORMAT = Compact;

-- ----------------------------
-- Records of sys_role_menu
-- ----------------------------
INSERT INTO `sys_role_menu` VALUES (36, 1, 10000);
INSERT INTO `sys_role_menu` VALUES (37, 1, 20000);
INSERT INTO `sys_role_menu` VALUES (38, 4, 00001);
INSERT INTO `sys_role_menu` VALUES (52, 2, 10000);
INSERT INTO `sys_role_menu` VALUES (53, 2, 10200);
INSERT INTO `sys_role_menu` VALUES (54, 2, 10210);
INSERT INTO `sys_role_menu` VALUES (55, 2, 10213);

-- ----------------------------
-- Table structure for sys_scheduled
-- ----------------------------
DROP TABLE IF EXISTS `sys_scheduled`;
CREATE TABLE `sys_scheduled`  (
  `id` varchar(50) CHARACTER SET utf8 COLLATE utf8_general_ci NOT NULL,
  `scheduled_name` varchar(30) CHARACTER SET utf8 COLLATE utf8_general_ci NULL DEFAULT NULL COMMENT '定时任务名称',
  `cron` varchar(30) CHARACTER SET utf8 COLLATE utf8_general_ci NOT NULL COMMENT 'cron表达式',
  `status` tinyint(1) UNSIGNED ZEROFILL NOT NULL DEFAULT 1 COMMENT ' 1 启动   0 停止',
  `bean_id` varchar(40) CHARACTER SET utf8 COLLATE utf8_general_ci NULL DEFAULT NULL COMMENT '调度bean',
  `method_name` varchar(50) CHARACTER SET utf8 COLLATE utf8_general_ci NULL DEFAULT NULL COMMENT '调度方法',
  `method_param` varchar(255) CHARACTER SET utf8 COLLATE utf8_general_ci NULL DEFAULT NULL COMMENT '调度方法参数',
  `create_time` datetime(0) NULL DEFAULT NULL COMMENT '创建时间',
  `create_user_id` int(11) NULL DEFAULT NULL COMMENT '创建者',
  `update_time` datetime(0) NULL DEFAULT NULL COMMENT '更新时间',
  `update_user_id` int(11) NULL DEFAULT NULL COMMENT '更新者',
  `remark` varchar(255) CHARACTER SET utf8 COLLATE utf8_general_ci NULL DEFAULT NULL COMMENT '备注',
  PRIMARY KEY (`id`) USING BTREE
) ENGINE = InnoDB CHARACTER SET = utf8 COLLATE = utf8_general_ci ROW_FORMAT = Dynamic;

-- ----------------------------
-- Records of sys_scheduled
-- ----------------------------
INSERT INTO `sys_scheduled` VALUES ('@clearLog', '定时清理系统日志', '5 * * * * ? ', 1, 'logTask', 'scheduleClearLog', NULL, '2023-10-11 14:57:17', 1, '2023-10-11 14:57:17', 1, NULL);

-- ----------------------------
-- Table structure for sys_user
-- ----------------------------
DROP TABLE IF EXISTS `sys_user`;
CREATE TABLE `sys_user`  (
  `user_id` int(11) NOT NULL AUTO_INCREMENT COMMENT '用户id',
  `user_code` varchar(6) CHARACTER SET utf8 COLLATE utf8_general_ci NOT NULL COMMENT '用户编码',
  `username` varchar(25) CHARACTER SET utf8 COLLATE utf8_general_ci NOT NULL COMMENT '用户名',
  `password` varchar(255) CHARACTER SET utf8 COLLATE utf8_general_ci NULL DEFAULT NULL COMMENT '密码',
  `name_zh` varchar(10) CHARACTER SET utf8 COLLATE utf8_general_ci NULL DEFAULT NULL COMMENT '用户真实姓名',
  `phone` varchar(11) CHARACTER SET utf8 COLLATE utf8_general_ci NULL DEFAULT NULL COMMENT '手机号',
  `status` tinyint(1) NOT NULL DEFAULT 1 COMMENT '启用状态 1启用 0禁用 默认1',
  `is_valid` tinyint(1) NOT NULL DEFAULT 1 COMMENT '是否删除 1 未删除 0 删除',
  `create_user_id` int(11) NULL DEFAULT NULL COMMENT '创建者id',
  `create_time` timestamp(0) NULL DEFAULT NULL COMMENT '创建时间',
  `update_time` timestamp(0) NULL DEFAULT NULL COMMENT '更新时间',
  `remark` varchar(255) CHARACTER SET utf8 COLLATE utf8_general_ci NULL DEFAULT NULL COMMENT '备注',
  `img` varchar(1000) CHARACTER SET utf8 COLLATE utf8_general_ci NULL DEFAULT NULL COMMENT '头像地址',
  `is_admin` tinyint(1) NOT NULL DEFAULT 0 COMMENT '是否超级管理员 1 是 0 否',
  `sex` tinyint(1) NULL DEFAULT NULL COMMENT '性别 1 男 0 女',
  PRIMARY KEY (`user_id`) USING BTREE
) ENGINE = InnoDB AUTO_INCREMENT = 13 CHARACTER SET = utf8 COLLATE = utf8_general_ci ROW_FORMAT = Compact;

-- ----------------------------
-- Records of sys_user
-- ----------------------------
INSERT INTO `sys_user` VALUES (1, '100001', 'admin', '$2a$10$30.FJdVHudu9DmYIJvSE8OUKtxDlPPC2WnrziOB9S8mVVRXs2zJWm', 'cheval', '12345678900', 1, 1, NULL, '2023-03-30 15:41:35', '2023-03-30 15:41:39', NULL, '', 1, 1);
INSERT INTO `sys_user` VALUES (2, '100002', 'test', '$2a$10$30.FJdVHudu9DmYIJvSE8OUKtxDlPPC2WnrziOB9S8mVVRXs2zJWm', 'test', '12345678900', 1, 1, NULL, '2023-04-02 21:05:52', '2023-04-02 21:05:55', NULL, NULL, 0, 1);
INSERT INTO `sys_user` VALUES (3, '100003', 'test1', '$2a$10$30.FJdVHudu9DmYIJvSE8OUKtxDlPPC2WnrziOB9S8mVVRXs2zJWm', 'test', '12345678900', 1, 1, NULL, '2023-04-02 21:05:52', '2023-04-02 21:05:55', NULL, NULL, 0, 1);
INSERT INTO `sys_user` VALUES (4, '100004', 'test2', '$2a$10$30.FJdVHudu9DmYIJvSE8OUKtxDlPPC2WnrziOB9S8mVVRXs2zJWm', 'test', '12345678900', 1, 1, NULL, '2023-04-02 21:05:52', '2023-04-02 21:05:55', NULL, NULL, 0, 1);
INSERT INTO `sys_user` VALUES (5, '100005', 'test3', '$2a$10$30.FJdVHudu9DmYIJvSE8OUKtxDlPPC2WnrziOB9S8mVVRXs2zJWm', 'test', '12345678900', 1, 1, NULL, '2023-04-02 21:05:52', '2023-04-02 21:05:55', NULL, NULL, 0, 1);
INSERT INTO `sys_user` VALUES (6, '100006', 'test4', '$2a$10$30.FJdVHudu9DmYIJvSE8OUKtxDlPPC2WnrziOB9S8mVVRXs2zJWm', 'test', '19834502473', 1, 1, NULL, '2023-04-02 21:05:52', '2023-04-02 21:05:55', NULL, NULL, 0, 1);
INSERT INTO `sys_user` VALUES (7, '100007', 'test5', '$2a$10$30.FJdVHudu9DmYIJvSE8OUKtxDlPPC2WnrziOB9S8mVVRXs2zJWm', 'test', '12345678900', 1, 1, NULL, '2023-04-02 21:05:52', '2023-04-02 21:05:55', NULL, NULL, 0, 1);
INSERT INTO `sys_user` VALUES (8, '100008', 'test6', '$2a$10$30.FJdVHudu9DmYIJvSE8OUKtxDlPPC2WnrziOB9S8mVVRXs2zJWm', 'test', '12345678900', 1, 1, NULL, '2023-04-02 21:05:52', '2023-04-02 21:05:55', NULL, NULL, 0, 1);
INSERT INTO `sys_user` VALUES (9, '100009', 'test7', '$2a$10$30.FJdVHudu9DmYIJvSE8OUKtxDlPPC2WnrziOB9S8mVVRXs2zJWm', 'test', '12345678900', 1, 1, NULL, '2023-04-02 21:05:52', '2023-04-02 21:05:55', NULL, NULL, 0, 1);
INSERT INTO `sys_user` VALUES (10, '100010', 'test8', '$2a$10$30.FJdVHudu9DmYIJvSE8OUKtxDlPPC2WnrziOB9S8mVVRXs2zJWm', 'test', '12345678900', 1, 1, NULL, '2023-04-02 21:05:52', '2023-04-02 21:05:55', NULL, NULL, 0, 1);
INSERT INTO `sys_user` VALUES (11, '100011', 'test9', '$2a$10$30.FJdVHudu9DmYIJvSE8OUKtxDlPPC2WnrziOB9S8mVVRXs2zJWm', 'test', '12345678900', 1, 1, NULL, '2023-04-02 21:05:52', '2023-04-02 21:05:55', NULL, NULL, 0, 1);

-- ----------------------------
-- Table structure for sys_user_role
-- ----------------------------
DROP TABLE IF EXISTS `sys_user_role`;
CREATE TABLE `sys_user_role`  (
  `id` bigint(20) NOT NULL AUTO_INCREMENT,
  `user_id` int(11) NULL DEFAULT NULL,
  `role_id` int(11) NULL DEFAULT NULL,
  PRIMARY KEY (`id`) USING BTREE
) ENGINE = InnoDB AUTO_INCREMENT = 17 CHARACTER SET = utf8 COLLATE = utf8_general_ci ROW_FORMAT = Compact;

-- ----------------------------
-- Records of sys_user_role
-- ----------------------------
INSERT INTO `sys_user_role` VALUES (1, 1, 1);
INSERT INTO `sys_user_role` VALUES (2, 2, 2);
INSERT INTO `sys_user_role` VALUES (10, 10, 2);
INSERT INTO `sys_user_role` VALUES (11, 10, 3);
INSERT INTO `sys_user_role` VALUES (12, 5, 2);
INSERT INTO `sys_user_role` VALUES (13, 6, 3);
INSERT INTO `sys_user_role` VALUES (14, 7, 3);
INSERT INTO `sys_user_role` VALUES (15, 7, 4);
INSERT INTO `sys_user_role` VALUES (16, 7, 4);

-- ----------------------------
-- Table structure for undo_log
-- ----------------------------
DROP TABLE IF EXISTS `undo_log`;
CREATE TABLE `undo_log`  (
  `id` bigint(20) NOT NULL AUTO_INCREMENT,
  `branch_id` bigint(20) NOT NULL,
  `xid` varchar(100) CHARACTER SET utf8 COLLATE utf8_general_ci NOT NULL,
  `context` varchar(128) CHARACTER SET utf8 COLLATE utf8_general_ci NOT NULL,
  `rollback_info` longblob NOT NULL,
  `log_status` int(11) NOT NULL,
  `log_created` datetime(0) NOT NULL,
  `log_modified` datetime(0) NOT NULL,
  `ext` varchar(100) CHARACTER SET utf8 COLLATE utf8_general_ci NULL DEFAULT NULL,
  PRIMARY KEY (`id`) USING BTREE,
  UNIQUE INDEX `ux_undo_log`(`xid`, `branch_id`) USING BTREE
) ENGINE = InnoDB CHARACTER SET = utf8 COLLATE = utf8_general_ci ROW_FORMAT = Dynamic;

-- ----------------------------
-- Records of undo_log
-- ----------------------------

-- ----------------------------
-- Table structure for xwj0030
-- ----------------------------
DROP TABLE IF EXISTS `xwj0030`;
CREATE TABLE `xwj0030`  (
  `cusid` varchar(36) CHARACTER SET utf8 COLLATE utf8_general_ci NOT NULL COMMENT '客户编号',
  `cusname` varchar(20) CHARACTER SET utf8 COLLATE utf8_general_ci NOT NULL COMMENT '客户姓名',
  `phone` varchar(11) CHARACTER SET utf8 COLLATE utf8_general_ci NOT NULL COMMENT '电话',
  `sex` tinyint(1) NOT NULL COMMENT '性别 1 男 0 女',
  `email` varchar(30) CHARACTER SET utf8 COLLATE utf8_general_ci NULL DEFAULT NULL COMMENT '邮箱',
  `birth` date NULL DEFAULT NULL COMMENT '出生日期',
  `address` varchar(80) CHARACTER SET utf8 COLLATE utf8_general_ci NULL DEFAULT NULL COMMENT '家庭住址',
  `isvip` tinyint(1) NOT NULL DEFAULT 0 COMMENT '是否vip 0 否 1是',
  PRIMARY KEY (`cusid`) USING BTREE
) ENGINE = InnoDB CHARACTER SET = utf8 COLLATE = utf8_general_ci ROW_FORMAT = Dynamic;

-- ----------------------------
-- Records of xwj0030
-- ----------------------------
INSERT INTO `xwj0030` VALUES ('0fa-ac63e443a335', '3', '31', 0, '123', '2023-04-12', '312', 0);
INSERT INTO `xwj0030` VALUES ('40283fe6800002', 'cheval', '18034992473', 1, '312@312.com', '2004-12-21', '3123131手动阀啊手动阀', 1);
INSERT INTO `xwj0030` VALUES ('4028e4886e0001', '张楠', '18034992475', 0, '312@312.com', '2004-12-21', '3123131阀', 1);
INSERT INTO `xwj0030` VALUES ('5cb-5e36abcf1a38', '张三', '18034992473', 0, 'cheval@163.com', '2023-04-11', 'zhaonf邹平的骄傲冻咖啡', 1);
INSERT INTO `xwj0030` VALUES ('a27-cefedbaeee61', '张三s', '18034992473', 1, 'dasffa@2132.cn', '2023-04-10', 'sdha;sjfsaljfsaljjlckasdjljl', 1);
INSERT INTO `xwj0030` VALUES ('ddc-8ef1d1cbbef8', '1', '21', 0, '21', '2022-12-11', 'ss', 0);
INSERT INTO `xwj0030` VALUES ('dqdac', 'test', '12345678900', 1, '12@163.com', '2022-10-10', 'fjslxjl', 1);
INSERT INTO `xwj0030` VALUES ('dqedqdac', 'test', '12345678900', 1, '12@163.com', '2022-10-10', 'fjslxjl', 1);
INSERT INTO `xwj0030` VALUES ('dqedqdaca', 'test', '12345678900', 1, '12@163.com', '2022-10-10', 'fjslxjl', 1);
INSERT INTO `xwj0030` VALUES ('dqedqdacda', 'test', '12345678900', 1, '12@163.com', '2022-10-10', 'fjslxjl', 1);
INSERT INTO `xwj0030` VALUES ('qdac', 'test', '12345678900', 1, '12@163.com', '2022-10-10', 'fjslxjl', 1);
INSERT INTO `xwj0030` VALUES ('qedqdac', 'test', '12345678900', 1, '12@163.com', '2022-10-10', 'fjslxjl', 1);
INSERT INTO `xwj0030` VALUES ('qffafassdffasdac', 'test', '12345678900', 1, '12@163.com', '2022-10-10', 'fjslxjl', 1);
INSERT INTO `xwj0030` VALUES ('qfgasdac', 'test', '12345678900', 1, '12@163.com', '2022-10-10', 'fjslxjl', 1);
INSERT INTO `xwj0030` VALUES ('qfgasfafassdffasdac', 'test', '12345678900', 1, '12@163.com', '2022-10-10', 'fjslxjl', 1);
INSERT INTO `xwj0030` VALUES ('qfgasfasdfdac', 'test', '12345678900', 1, '12@163.com', '2022-10-10', 'fjslxjl', 1);

SET FOREIGN_KEY_CHECKS = 1;
